Manuscript.ID,Manuscript.Type,Submission.Question.Response.x,Submission.Question.Response.y
anon-ID_C_01,Research,Yes,[redacted]
anon-ID_C_02,Research,Yes,[redacted]
anon-ID_C_03,Research,Yes,[redacted]
anon-ID_C_04,Research,Yes,[redacted]
anon-ID_C_05,Research,Yes,[redacted]
anon-ID_C_06,Research,Yes,[redacted]
anon-ID_C_07,Research,Yes,[redacted]
anon-ID_C_08,Review,Yes,[redacted]
anon-ID_C_09,Review,My paper has no data,[redacted]
anon-ID_C_10,Research,Yes,[redacted]
anon-ID_C_11,Research,Yes,[redacted]
anon-ID_C_12,Research,Yes,[redacted]
anon-ID_C_13,Research,Yes,[redacted]
anon-ID_C_14,Research,Yes,[redacted]
anon-ID_C_15,Review,My paper has no data,[redacted]
anon-ID_C_16,Research,Yes,[redacted]
anon-ID_C_17,Research,Yes,[redacted]
anon-ID_C_18,Research,Yes,[redacted]
anon-ID_C_19,Research,Yes,[redacted]
anon-ID_C_20,Research,Yes,[redacted]
anon-ID_C_21,Research,Yes,[redacted]
anon-ID_C_22,Research,Yes,[redacted]
anon-ID_C_23,Research,Yes,[redacted]
anon-ID_C_24,Research,Yes,[redacted]
anon-ID_C_25,Research,Yes,[redacted]
anon-ID_C_26,Research,Yes,[redacted]
anon-ID_C_27,Research,Yes,[redacted]
anon-ID_C_28,Research,Yes,[redacted]
anon-ID_C_29,Research,Yes,[redacted]
anon-ID_C_30,Research,Yes,[redacted]
anon-ID_C_31,Research,Yes,[redacted]
anon-ID_C_32,Research,Yes,[redacted]
anon-ID_C_33,Research,Yes,[redacted]
anon-ID_C_34,Research,Yes,[redacted]
anon-ID_C_35,Research,Yes,[redacted]
anon-ID_C_36,Research,Yes,[redacted]
anon-ID_C_37,Research,Yes,[redacted]
anon-ID_C_38,Research,Yes,[redacted]
anon-ID_C_39,Research,Yes,[redacted]
anon-ID_C_40,Commentary,My paper has no data,[redacted]
anon-ID_C_41,Research,Yes,[redacted]
anon-ID_C_42,Review,Yes,[redacted]
anon-ID_C_43,Review,My paper has no data,[redacted]
anon-ID_C_44,Research,Yes,[redacted]
anon-ID_C_45,Research,Yes,[redacted]
anon-ID_C_46,Research,My paper has no data,[redacted]
anon-ID_C_47,Research,Yes,[redacted]
anon-ID_C_48,Research,Yes,[redacted]
anon-ID_C_49,Research,Yes,[redacted]
anon-ID_C_50,Research,Yes,[redacted]
anon-ID_C_51,Research,Yes,[redacted]
anon-ID_C_52,Review,Yes,[redacted]
anon-ID_C_53,Research,Yes,[redacted]
anon-ID_C_54,Research,Yes,[redacted]
anon-ID_C_55,Research,Yes,[redacted]
anon-ID_C_56,Research,Yes,[redacted]
anon-ID_C_57,Research,Yes,[redacted]
anon-ID_C_58,Research,Yes,[redacted]
anon-ID_C_59,Research,Yes,[redacted]
anon-ID_C_60,Research,Yes,[redacted]
anon-ID_C_61,Research,Yes,[redacted]
anon-ID_C_62,Research,Yes,[redacted]
anon-ID_C_63,Research,Yes,[redacted]
anon-ID_C_64,Research,My paper has no data,[redacted]
anon-ID_C_65,Research,Yes,[redacted]
anon-ID_C_66,Research,Yes,[redacted]
anon-ID_C_67,Research,Yes,[redacted]
anon-ID_C_68,Research,Yes,[redacted]
anon-ID_C_69,Research,Yes,[redacted]
anon-ID_C_70,Research,Yes,[redacted]
anon-ID_C_71,Research,Yes,[redacted]
anon-ID_C_72,Research,Yes,[redacted]
anon-ID_C_73,Research,Yes,[redacted]
anon-ID_C_74,Research,Yes,[redacted]
anon-ID_C_75,Research,Yes,[redacted]
anon-ID_C_76,Research,Yes,[redacted]
anon-ID_C_77,Research,Yes,[redacted]
anon-ID_C_78,Research,Yes,[redacted]
anon-ID_C_79,Research,Yes,[redacted]
anon-ID_C_80,Research,Yes,[redacted]
anon-ID_C_81,Research,Yes,[redacted]
anon-ID_C_82,Research,Yes,[redacted]
anon-ID_C_83,Research,My paper has no data,[redacted]
anon-ID_C_84,Research,Yes,[redacted]
anon-ID_C_85,Research,My paper has no data,[redacted]
anon-ID_C_86,Research,Yes,[redacted]
anon-ID_C_87,Research,Yes,[redacted]
anon-ID_C_88,Research,Yes,[redacted]
anon-ID_C_89,Research,Yes,[redacted]
anon-ID_C_90,Research,Yes,[redacted]
anon-ID_C_91,Research,Yes,[redacted]
anon-ID_C_92,Research,Yes,[redacted]
anon-ID_C_93,Research,Yes,[redacted]
anon-ID_C_94,Review,My paper has no data,[redacted]
anon-ID_C_95,Research,My paper has no data,[redacted]
anon-ID_C_96,Research,Yes,[redacted]
anon-ID_C_97,Research,Yes,[redacted]
anon-ID_C_98,Research,Yes,[redacted]
anon-ID_C_99,Research,Yes,[redacted]
anon-ID_C_100,Research,Yes,[redacted]
anon-ID_C_101,Research,Yes,[redacted]
anon-ID_C_102,Research,Yes,[redacted]
anon-ID_C_103,Research,Yes,[redacted]
anon-ID_C_104,Research,Yes,[redacted]
anon-ID_C_105,Research,Yes,[redacted]
anon-ID_C_106,Research,My paper has no data,[redacted]
anon-ID_C_107,Research,My paper has no data,[redacted]
anon-ID_C_108,Research,Yes,[redacted]
anon-ID_C_109,Research,Yes,[redacted]
anon-ID_C_110,Research,Yes,[redacted]
anon-ID_C_111,Research,Yes,[redacted]
anon-ID_C_112,Research,Yes,[redacted]
anon-ID_C_113,Research,My paper has no data,[redacted]
anon-ID_C_114,Research,Yes,[redacted]
anon-ID_C_115,Research,Yes,[redacted]
anon-ID_C_116,Research,Yes,[redacted]
anon-ID_C_117,Research,Yes,[redacted]
anon-ID_C_118,Research,Yes,[redacted]
anon-ID_C_119,Research,Yes,[redacted]
anon-ID_C_120,Research,Yes,[redacted]
anon-ID_C_121,Research,Yes,[redacted]
anon-ID_C_122,Research,Yes,[redacted]
anon-ID_C_123,Research,Yes,[redacted]
anon-ID_C_124,Research,Yes,[redacted]
anon-ID_C_125,Research,Yes,[redacted]
anon-ID_C_126,Research,Yes,[redacted]
anon-ID_C_127,Research,My paper has no data,[redacted]
anon-ID_C_128,Research,My paper has no data,[redacted]
anon-ID_C_129,Research,Yes,[redacted]
anon-ID_C_130,Research,Yes,[redacted]
anon-ID_C_131,Research,Yes,[redacted]
anon-ID_C_132,Research,Yes,[redacted]
anon-ID_C_133,Research,Yes,[redacted]
anon-ID_C_134,Research,Yes,[redacted]
anon-ID_C_135,Research,Yes,[redacted]
anon-ID_C_136,Research,Yes,[redacted]
anon-ID_C_137,Research,Yes,[redacted]
anon-ID_C_138,Research,Yes,[redacted]
anon-ID_C_139,Research,Yes,[redacted]
anon-ID_C_140,Research,Yes,[redacted]
anon-ID_C_141,Research,Yes,[redacted]
anon-ID_C_142,Research,Yes,[redacted]
anon-ID_C_143,Research,Yes,[redacted]
anon-ID_C_144,Research,Yes,[redacted]
anon-ID_C_145,Research,Yes,[redacted]
anon-ID_C_146,Research,Yes,[redacted]
anon-ID_C_147,Research,Yes,[redacted]
anon-ID_C_148,Research,Yes,[redacted]
anon-ID_C_149,Research,My paper has no data,[redacted]
anon-ID_C_150,Research,Yes,[redacted]
anon-ID_C_151,Research,Yes,[redacted]
anon-ID_C_152,Research,Yes,[redacted]
anon-ID_C_153,Research,Yes,[redacted]
anon-ID_C_154,Research,Yes,[redacted]
anon-ID_C_155,Research,Yes,[redacted]
anon-ID_C_156,Research,Yes,[redacted]
anon-ID_C_157,Research,Yes,[redacted]
anon-ID_C_158,Research,Yes,[redacted]
anon-ID_C_159,Research,Yes,[redacted]
anon-ID_C_160,Research,Yes,[redacted]
anon-ID_C_161,Invited Reply,Yes,[redacted]
anon-ID_C_162,Research,Yes,[redacted]
anon-ID_C_163,Research,Yes,[redacted]
anon-ID_C_164,Research,Yes,[redacted]
anon-ID_C_165,Review,Yes,[redacted]
anon-ID_C_166,Research,Yes,[redacted]
anon-ID_C_167,Research,Yes,[redacted]
anon-ID_C_168,Research,Yes,[redacted]
anon-ID_C_169,Research,Yes,[redacted]
anon-ID_C_170,Research,Yes,[redacted]
anon-ID_C_171,Research,Yes,[redacted]
anon-ID_C_172,Research,Yes,[redacted]
anon-ID_C_173,Research,Yes,[redacted]
anon-ID_C_174,Research,Yes,[redacted]
anon-ID_C_175,Research,Yes,[redacted]
anon-ID_C_176,Research,Yes,[redacted]
anon-ID_C_177,Research,Yes,[redacted]
anon-ID_C_178,Research,Yes,[redacted]
anon-ID_C_179,Review,My paper has no data,[redacted]
anon-ID_C_180,Research,Yes,[redacted]
anon-ID_C_181,Research,Yes,[redacted]
anon-ID_C_182,Research,Yes,[redacted]
anon-ID_C_183,Research,Yes,[redacted]
anon-ID_C_184,Research,My paper has no data,[redacted]
anon-ID_C_185,Research,My paper has no data,[redacted]
anon-ID_C_186,Research,My paper has no data,[redacted]
anon-ID_C_187,Review,My paper has no data,[redacted]
anon-ID_C_188,Research,Yes,[redacted]
anon-ID_C_189,Research,Yes,[redacted]
anon-ID_C_190,Research,My paper has no data,[redacted]
anon-ID_C_191,Research,Yes,[redacted]
anon-ID_C_192,Research,Yes,[redacted]
anon-ID_C_193,Research,Yes,[redacted]
anon-ID_C_194,Research,Yes,[redacted]
anon-ID_C_195,Research,Yes,[redacted]
anon-ID_C_196,Research,Yes,[redacted]
anon-ID_C_197,Research,Yes,[redacted]
anon-ID_C_198,Research,Yes,[redacted]
anon-ID_C_199,Research,My paper has no data,[redacted]
anon-ID_C_200,Research,My paper has no data,[redacted]
anon-ID_C_201,Research,Yes,[redacted]
anon-ID_C_202,Research,Yes,[redacted]
anon-ID_C_203,Research,Yes,[redacted]
anon-ID_C_204,Research,Yes,[redacted]
anon-ID_C_205,Research,Yes,[redacted]
anon-ID_C_206,Research,Yes,[redacted]
anon-ID_C_207,Research,Yes,[redacted]
anon-ID_C_208,Research,Yes,[redacted]
anon-ID_C_209,Research,Yes,[redacted]
anon-ID_C_210,Research,Yes,[redacted]
anon-ID_C_211,Research,Yes,[redacted]
anon-ID_C_212,Research,Yes,[redacted]
anon-ID_C_213,Research,Yes,[redacted]
anon-ID_C_214,Research,Yes,[redacted]
anon-ID_C_215,Research,Yes,[redacted]
anon-ID_C_216,Research,Yes,[redacted]
anon-ID_C_217,Research,Yes,[redacted]
anon-ID_C_218,Research,Yes,[redacted]
anon-ID_C_219,Research,Yes,[redacted]
anon-ID_C_220,Research,Yes,[redacted]
anon-ID_C_221,Research,Yes,[redacted]
anon-ID_C_222,Research,My paper has no data,[redacted]
anon-ID_C_223,Research,Yes,[redacted]
anon-ID_C_224,Research,Yes,[redacted]
anon-ID_C_225,Research,My paper has no data,[redacted]
anon-ID_C_226,Research,My paper has no data,[redacted]
anon-ID_C_227,Research,Yes,[redacted]
anon-ID_C_228,Research,Yes,[redacted]
anon-ID_C_229,Research,Yes,[redacted]
anon-ID_C_230,Research,Yes,[redacted]
anon-ID_C_231,Research,Yes,[redacted]
anon-ID_C_232,Research,Yes,[redacted]
anon-ID_C_233,Research,Yes,[redacted]
anon-ID_C_234,Research,Yes,[redacted]
anon-ID_C_235,Research,Yes,[redacted]
anon-ID_C_236,Research,Yes,[redacted]
anon-ID_C_237,Research,Yes,[redacted]
anon-ID_C_238,Research,Yes,[redacted]
anon-ID_C_239,Research,Yes,[redacted]
anon-ID_C_240,Research,Yes,[redacted]
anon-ID_C_241,Research,Yes,[redacted]
anon-ID_C_242,Research,My paper has no data,[redacted]
anon-ID_C_243,Research,Yes,[redacted]
anon-ID_C_244,Research,Yes,[redacted]
anon-ID_C_245,Research,My paper has no data,[redacted]
anon-ID_C_246,Research,Yes,[redacted]
anon-ID_C_247,Research,Yes,[redacted]
anon-ID_C_248,Research,Yes,[redacted]
anon-ID_C_249,Research,Yes,[redacted]
anon-ID_C_250,Research,Yes,[redacted]
anon-ID_C_251,Research,Yes,[redacted]
anon-ID_C_252,Research,Yes,[redacted]
anon-ID_C_253,Research,Yes,[redacted]
anon-ID_C_254,Research,Yes,[redacted]
anon-ID_C_255,Research,Yes,[redacted]
anon-ID_C_256,Research,Yes,[redacted]
anon-ID_C_257,Research,Yes,[redacted]
anon-ID_C_258,Research,My paper has no data,[redacted]
anon-ID_C_259,Research,Yes,[redacted]
anon-ID_C_260,Research,My paper has no data,[redacted]
anon-ID_C_261,Research,Yes,[redacted]
anon-ID_C_262,Commentary,My paper has no data,[redacted]
anon-ID_C_263,Research,Yes,[redacted]
anon-ID_C_264,Research,Yes,[redacted]
anon-ID_C_265,Research,Yes,[redacted]
anon-ID_C_266,Research,My paper has no data,[redacted]
anon-ID_C_267,Research,Yes,[redacted]
anon-ID_C_268,Research,Yes,[redacted]
anon-ID_C_269,Research,Yes,[redacted]
anon-ID_C_270,Research,Yes,[redacted]
anon-ID_C_271,Research,Yes,[redacted]
anon-ID_C_272,Research,Yes,[redacted]
anon-ID_C_273,Research,Yes,[redacted]
anon-ID_C_274,Research,My paper has no data,[redacted]
anon-ID_C_275,Research,Yes,[redacted]
anon-ID_C_276,Research,Yes,[redacted]
anon-ID_C_277,Research,Yes,[redacted]
anon-ID_C_278,Research,My paper has no data,[redacted]
anon-ID_C_279,Research,Yes,[redacted]
anon-ID_C_280,Research,Yes,[redacted]
anon-ID_C_281,Research,Yes,[redacted]
anon-ID_C_282,Research,Yes,[redacted]
anon-ID_C_283,Research,Yes,[redacted]
anon-ID_C_284,Research,Yes,[redacted]
anon-ID_C_285,Research,Yes,[redacted]
anon-ID_C_286,Research,Yes,[redacted]
anon-ID_C_287,Research,Yes,[redacted]
anon-ID_C_288,Research,Yes,[redacted]
anon-ID_C_289,Research,Yes,[redacted]
anon-ID_C_290,Research,Yes,[redacted]
anon-ID_C_291,Research,Yes,[redacted]
anon-ID_C_292,Research,Yes,[redacted]
anon-ID_C_293,Research,Yes,[redacted]
anon-ID_C_294,Research,Yes,[redacted]
anon-ID_C_295,Research,Yes,[redacted]
anon-ID_C_296,Research,Yes,[redacted]
anon-ID_C_297,Research,Yes,[redacted]
anon-ID_C_298,Research,Yes,[redacted]
anon-ID_C_299,Research,Yes,[redacted]
anon-ID_C_300,Research,Yes,[redacted]
anon-ID_C_301,Biological Science Practices,My paper has no data,[redacted]
anon-ID_C_302,Research,Yes,[redacted]
anon-ID_C_303,Research,Yes,[redacted]
anon-ID_C_304,Research,Yes,[redacted]
anon-ID_C_305,Research,Yes,[redacted]
anon-ID_C_306,Research,Yes,[redacted]
anon-ID_C_307,Research,My paper has no data,[redacted]
anon-ID_C_308,Research,Yes,[redacted]
anon-ID_C_309,Research,Yes,[redacted]
anon-ID_C_310,Research,Yes,[redacted]
anon-ID_C_311,Research,Yes,[redacted]
anon-ID_C_312,Research,Yes,[redacted]
anon-ID_C_313,Research,Yes,[redacted]
anon-ID_C_314,Research,Yes,[redacted]
anon-ID_C_315,Research,Yes,[redacted]
anon-ID_C_316,Research,Yes,[redacted]
anon-ID_C_317,Research,Yes,[redacted]
anon-ID_C_318,Research,My paper has no data,[redacted]
anon-ID_C_319,Research,Yes,[redacted]
anon-ID_C_320,Research,Yes,[redacted]
anon-ID_C_321,Research,Yes,[redacted]
anon-ID_C_322,Research,Yes,[redacted]
anon-ID_C_323,Research,Yes,[redacted]
anon-ID_C_324,Research,Yes,[redacted]
anon-ID_C_325,Research,My paper has no data,[redacted]
anon-ID_C_326,Research,Yes,[redacted]
anon-ID_C_327,Research,Yes,[redacted]
anon-ID_C_328,Research,My paper has no data,[redacted]
anon-ID_C_329,Research,Yes,[redacted]
anon-ID_C_330,Research,Yes,[redacted]
anon-ID_C_331,Research,Yes,[redacted]
anon-ID_C_332,Research,Yes,[redacted]
anon-ID_C_333,Research,Yes,[redacted]
anon-ID_C_334,Research,Yes,[redacted]
anon-ID_C_335,Research,Yes,[redacted]
anon-ID_C_336,Research,Yes,[redacted]
anon-ID_C_337,Research,Yes,[redacted]
anon-ID_C_338,Research,Yes,[redacted]
anon-ID_C_339,Research,Yes,[redacted]
anon-ID_C_340,Research,My paper has no data,[redacted]
anon-ID_C_341,Research,Yes,[redacted]
anon-ID_C_342,Review,My paper has no data,[redacted]
anon-ID_C_343,Biological Science Practices,Yes,[redacted]
anon-ID_C_344,Research,Yes,[redacted]
anon-ID_C_345,Research,Yes,[redacted]
anon-ID_C_346,Research,My paper has no data,[redacted]
anon-ID_C_347,Research,Yes,[redacted]
anon-ID_C_348,Research,Yes,[redacted]
anon-ID_C_349,Research,Yes,[redacted]
anon-ID_C_350,Research,Yes,[redacted]
anon-ID_C_351,Research,Yes,[redacted]
anon-ID_C_352,Research,Yes,[redacted]
anon-ID_C_353,Research,Yes,[redacted]
anon-ID_C_354,Research,Yes,[redacted]
anon-ID_C_355,Research,Yes,[redacted]
anon-ID_C_356,Research,Yes,[redacted]
anon-ID_C_357,Research,Yes,[redacted]
anon-ID_C_358,Research,Yes,[redacted]
anon-ID_C_359,Research,Yes,[redacted]
anon-ID_C_360,Research,Yes,[redacted]
anon-ID_C_361,Biological Science Practices,My paper has no data,[redacted]
anon-ID_C_362,Research,Yes,[redacted]
anon-ID_C_363,Research,Yes,[redacted]
anon-ID_C_364,Evidence Synthesis,Yes,[redacted]
anon-ID_C_365,Research,Yes,[redacted]
anon-ID_C_366,Research,Yes,[redacted]
anon-ID_C_367,Research,Yes,[redacted]
anon-ID_C_368,Evidence Synthesis,Yes,[redacted]
anon-ID_C_369,Research,My paper has no data,[redacted]
anon-ID_C_370,Research,Yes,[redacted]
anon-ID_C_371,Research,Yes,[redacted]
anon-ID_C_372,Research,Yes,[redacted]
anon-ID_C_373,Research,Yes,[redacted]
anon-ID_C_374,Research,Yes,[redacted]
anon-ID_C_375,Research,Yes,[redacted]
anon-ID_C_376,Research,Yes,[redacted]
anon-ID_C_377,Research,Yes,[redacted]
anon-ID_C_378,Research,Yes,[redacted]
anon-ID_C_379,Research,Yes,[redacted]
anon-ID_C_380,Research,Yes,[redacted]
anon-ID_C_381,Research,My paper has no data,[redacted]
anon-ID_C_382,Research,Yes,[redacted]
anon-ID_C_383,Research,Yes,[redacted]
anon-ID_C_384,Research,My paper has no data,[redacted]
anon-ID_C_385,Research,Yes,[redacted]
anon-ID_C_386,Research,Yes,[redacted]
anon-ID_C_387,Review,My paper has no data,[redacted]
anon-ID_C_388,Research,Yes,[redacted]
anon-ID_C_389,Research,Yes,[redacted]
anon-ID_C_390,Research,Yes,[redacted]
anon-ID_C_391,Research,Yes,[redacted]
anon-ID_C_392,Research,Yes,[redacted]
anon-ID_C_393,Research,Yes,[redacted]
anon-ID_C_394,Research,Yes,[redacted]
anon-ID_C_395,Research,Yes,[redacted]
anon-ID_C_396,Research,Yes,[redacted]
anon-ID_C_397,Research,Yes,[redacted]
anon-ID_C_398,Research,Yes,[redacted]
anon-ID_C_399,Research,Yes,[redacted]
anon-ID_C_400,Research,Yes,[redacted]
anon-ID_C_401,Research,Yes,[redacted]
anon-ID_C_402,Research,Yes,[redacted]
anon-ID_C_403,Research,Yes,[redacted]
anon-ID_C_404,Evidence Synthesis,Yes,[redacted]
anon-ID_C_405,Research,Yes,[redacted]
anon-ID_C_406,Research,Yes,[redacted]
anon-ID_C_407,Research,Yes,[redacted]
anon-ID_C_408,Research,Yes,[redacted]
anon-ID_C_409,Research,My paper has no data,[redacted]
anon-ID_C_410,Review,My paper has no data,[redacted]
anon-ID_C_411,Research,Yes,[redacted]
anon-ID_C_412,Research,Yes,[redacted]
anon-ID_C_413,Research,Yes,[redacted]
anon-ID_C_414,Research,Yes,[redacted]
anon-ID_C_415,Research,Yes,[redacted]
anon-ID_C_416,Research,Yes,[redacted]
anon-ID_C_417,Research,Yes,[redacted]
anon-ID_C_418,Research,Yes,[redacted]
anon-ID_C_419,Research,Yes,[redacted]
anon-ID_C_420,Research,My paper has no data,[redacted]
anon-ID_C_421,Research,Yes,[redacted]
anon-ID_C_422,Research,Yes,[redacted]
anon-ID_C_423,Research,Yes,[redacted]
anon-ID_C_424,Research,My paper has no data,[redacted]
anon-ID_C_425,Research,Yes,[redacted]
anon-ID_C_426,Research,Yes,[redacted]
anon-ID_C_427,Research,Yes,[redacted]
anon-ID_C_428,Research,Yes,[redacted]
anon-ID_C_429,Research,Yes,[redacted]
anon-ID_C_430,Research,Yes,[redacted]
anon-ID_C_431,Research,My paper has no data,[redacted]
anon-ID_C_432,Research,Yes,[redacted]
anon-ID_C_433,Research,Yes,[redacted]
anon-ID_C_434,Research,My paper has no data,[redacted]
anon-ID_C_435,Research,Yes,[redacted]
anon-ID_C_436,Research,Yes,[redacted]
anon-ID_C_437,Research,Yes,[redacted]
anon-ID_C_438,Review,My paper has no data,[redacted]
anon-ID_C_439,Research,Yes,[redacted]
anon-ID_C_440,Research,Yes,[redacted]
anon-ID_C_441,Special Feature Reviews,My paper has no data,[redacted]
anon-ID_C_442,Research,Yes,[redacted]
anon-ID_C_443,Review,Yes,[redacted]
anon-ID_C_444,Research,Yes,[redacted]
anon-ID_C_445,Research,Yes,[redacted]
anon-ID_C_446,Research,Yes,[redacted]
anon-ID_C_447,Research,Yes,[redacted]
anon-ID_C_448,Research,Yes,[redacted]
anon-ID_C_449,Research,Yes,[redacted]
anon-ID_C_450,Research,Yes,[redacted]
anon-ID_C_451,Research,Yes,[redacted]
anon-ID_C_452,Review,My paper has no data,[redacted]
anon-ID_C_453,Research,Yes,[redacted]
anon-ID_C_454,Research,Yes,[redacted]
anon-ID_C_455,Research,Yes,[redacted]
anon-ID_C_456,Biological Science Practices,My paper has no data,[redacted]
anon-ID_C_457,Research,Yes,[redacted]
anon-ID_C_458,Research,Yes,[redacted]
anon-ID_C_459,Review,Yes,[redacted]
anon-ID_C_460,Research,Yes,[redacted]
anon-ID_C_461,Research,Yes,[redacted]
anon-ID_C_462,Review,My paper has no data,[redacted]
anon-ID_C_463,Research,My paper has no data,[redacted]
anon-ID_C_464,Research,Yes,[redacted]
anon-ID_C_465,Research,Yes,[redacted]
anon-ID_C_466,Research,Yes,[redacted]
anon-ID_C_467,Research,Yes,[redacted]
anon-ID_C_468,Research,Yes,[redacted]
anon-ID_C_469,Research,Yes,[redacted]
anon-ID_C_470,Research,My paper has no data,[redacted]
anon-ID_C_471,Research,Yes,[redacted]
anon-ID_C_472,Research,Yes,[redacted]
anon-ID_C_473,Research,Yes,[redacted]
anon-ID_C_474,Research,Yes,[redacted]
anon-ID_C_475,Research,Yes,[redacted]
anon-ID_C_476,Research,Yes,[redacted]
anon-ID_C_477,Research,Yes,[redacted]
anon-ID_C_478,Research,Yes,[redacted]
anon-ID_C_479,Research,Yes,[redacted]
anon-ID_C_480,Research,Yes,[redacted]
anon-ID_C_481,Research,Yes,[redacted]
anon-ID_C_482,Research,My paper has no data,[redacted]
anon-ID_C_483,Research,Yes,[redacted]
anon-ID_C_484,Research,Yes,[redacted]
anon-ID_C_485,Research,Yes,[redacted]
anon-ID_C_486,Research,Yes,[redacted]
anon-ID_C_487,Research,Yes,[redacted]
anon-ID_C_488,Research,Yes,[redacted]
anon-ID_C_489,Research,Yes,[redacted]
anon-ID_C_490,Research,Yes,[redacted]
anon-ID_C_491,Research,Yes,[redacted]
anon-ID_C_492,Research,Yes,[redacted]
anon-ID_C_493,Comment,My paper has no data,[redacted]
anon-ID_C_494,Research,Yes,[redacted]
anon-ID_C_495,Research,Yes,[redacted]
anon-ID_C_496,Research,Yes,[redacted]
anon-ID_C_497,Research,Yes,[redacted]
anon-ID_C_498,Research,Yes,[redacted]
anon-ID_C_499,Research,Yes,[redacted]
anon-ID_C_500,Research,Yes,[redacted]
anon-ID_C_501,Review,My paper has no data,[redacted]
anon-ID_C_502,Research,Yes,[redacted]
anon-ID_C_503,Research,Yes,[redacted]
anon-ID_C_504,Research,Yes,[redacted]
anon-ID_C_505,Research,Yes,[redacted]
anon-ID_C_506,Research,Yes,[redacted]
anon-ID_C_507,Research,Yes,[redacted]
anon-ID_C_508,Research,Yes,[redacted]
anon-ID_C_509,Research,Yes,[redacted]
anon-ID_C_510,Research,Yes,[redacted]
anon-ID_C_511,Research,Yes,[redacted]
anon-ID_C_512,Research,Yes,[redacted]
anon-ID_C_513,Research,Yes,[redacted]
anon-ID_C_514,Research,Yes,[redacted]
anon-ID_C_515,Research,Yes,[redacted]
anon-ID_C_516,Research,Yes,[redacted]
anon-ID_C_517,Research,Yes,[redacted]
anon-ID_C_518,Research,Yes,[redacted]
anon-ID_C_519,Research,Yes,[redacted]
anon-ID_C_520,Research,Yes,[redacted]
anon-ID_C_521,Research,Yes,[redacted]
anon-ID_C_522,Research,Yes,[redacted]
anon-ID_C_523,Research,Yes,[redacted]
anon-ID_C_524,Research,Yes,[redacted]
anon-ID_C_525,Research,Yes,[redacted]
anon-ID_C_526,Research,Yes,[redacted]
anon-ID_C_527,Research,Yes,[redacted]
anon-ID_C_528,Research,Yes,[redacted]
anon-ID_C_529,Research,Yes,[redacted]
anon-ID_C_530,Research,Yes,[redacted]
anon-ID_C_531,Review,Yes,[redacted]
anon-ID_C_532,Research,Yes,[redacted]
anon-ID_C_533,Research,Yes,[redacted]
anon-ID_C_534,Research,Yes,[redacted]
anon-ID_C_535,Invited Reply,My paper has no data,[redacted]
anon-ID_C_536,Research,Yes,[redacted]
anon-ID_C_537,Research,Yes,[redacted]
anon-ID_C_538,Research,Yes,[redacted]
anon-ID_C_539,Research,Yes,[redacted]
anon-ID_C_540,Biological Science Practices,My paper has no data,[redacted]
anon-ID_C_541,Research,Yes,[redacted]
anon-ID_C_542,Research,Yes,[redacted]
anon-ID_C_543,Research,Yes,[redacted]
anon-ID_C_544,Special Feature Reviews,Yes,[redacted]
anon-ID_C_545,Research,Yes,[redacted]
anon-ID_C_546,Research,Yes,[redacted]
anon-ID_C_547,Research,Yes,[redacted]
anon-ID_C_548,Research,Yes,[redacted]
anon-ID_C_549,Research,Yes,[redacted]
anon-ID_C_550,Research,Yes,[redacted]
anon-ID_C_551,Research,Yes,[redacted]
anon-ID_C_552,Research,Yes,[redacted]
anon-ID_C_553,Review,Yes,[redacted]
anon-ID_C_554,Research,Yes,[redacted]
anon-ID_C_555,Research,Yes,[redacted]
anon-ID_C_556,Research,Yes,[redacted]
anon-ID_C_557,Research,Yes,[redacted]
anon-ID_C_558,Research,Yes,[redacted]
anon-ID_C_559,Research,Yes,[redacted]
anon-ID_C_560,Research,My paper has no data,[redacted]
anon-ID_C_561,Research,My paper has no data,[redacted]
anon-ID_C_562,Research,Yes,[redacted]
anon-ID_C_563,Research,Yes,[redacted]
anon-ID_C_564,Research,Yes,[redacted]
anon-ID_C_565,Research,Yes,[redacted]
anon-ID_C_566,Research,Yes,[redacted]
anon-ID_C_567,Research,Yes,[redacted]
anon-ID_C_568,Research,Yes,[redacted]
anon-ID_C_569,Research,Yes,[redacted]
anon-ID_C_570,Research,Yes,[redacted]
anon-ID_C_571,Research,Yes,[redacted]
anon-ID_C_572,Research,Yes,[redacted]
anon-ID_C_573,Research,Yes,[redacted]
anon-ID_C_574,Research,Yes,[redacted]
anon-ID_C_575,Research,Yes,[redacted]
anon-ID_C_576,Research,Yes,[redacted]
anon-ID_C_577,Research,Yes,[redacted]
anon-ID_C_578,Research,Yes,[redacted]
anon-ID_C_579,Research,Yes,[redacted]
anon-ID_C_580,Research,Yes,[redacted]
anon-ID_C_581,Research,My paper has no data,[redacted]
anon-ID_C_582,Research,Yes,[redacted]
anon-ID_C_583,Research,Yes,[redacted]
anon-ID_C_584,Research,Yes,[redacted]
anon-ID_C_585,Research,Yes,[redacted]
anon-ID_C_586,Research,Yes,[redacted]
anon-ID_C_587,Research,Yes,[redacted]
anon-ID_C_588,Research,Yes,[redacted]
anon-ID_C_589,Research,Yes,[redacted]
anon-ID_C_590,Research,Yes,[redacted]
anon-ID_C_591,Research,Yes,[redacted]
anon-ID_C_592,Research,Yes,[redacted]
anon-ID_C_593,Research,My paper has no data,[redacted]
anon-ID_C_594,Review,My paper has no data,[redacted]
anon-ID_C_595,Research,Yes,[redacted]
anon-ID_C_596,Research,Yes,[redacted]
anon-ID_C_597,Research,Yes,[redacted]
anon-ID_C_598,Research,Yes,[redacted]
anon-ID_C_599,Research,My paper has no data,[redacted]
anon-ID_C_600,Research,Yes,[redacted]
anon-ID_C_601,Research,Yes,[redacted]
anon-ID_C_602,Research,Yes,[redacted]
anon-ID_C_603,Research,Yes,[redacted]
anon-ID_C_604,Research,Yes,[redacted]
anon-ID_C_605,Research,My paper has no data,[redacted]
anon-ID_C_606,Review,My paper has no data,[redacted]
anon-ID_C_607,Research,Yes,[redacted]
anon-ID_C_608,Research,Yes,[redacted]
anon-ID_C_609,Research,My paper has no data,[redacted]
anon-ID_C_610,Research,Yes,[redacted]
anon-ID_C_611,Research,My paper has no data,[redacted]
anon-ID_C_612,Research,Yes,[redacted]
anon-ID_C_613,Research,Yes,[redacted]
anon-ID_C_614,Research,My paper has no data,[redacted]
anon-ID_C_615,Research,Yes,[redacted]
anon-ID_C_616,Research,Yes,[redacted]
anon-ID_C_617,Research,Yes,[redacted]
anon-ID_C_618,Research,Yes,[redacted]
anon-ID_C_619,Research,Yes,[redacted]
anon-ID_C_620,Research,Yes,[redacted]
anon-ID_C_621,Research,Yes,[redacted]
anon-ID_C_622,Research,Yes,[redacted]
anon-ID_C_623,Research,Yes,[redacted]
anon-ID_C_624,Research,Yes,[redacted]
anon-ID_C_625,Research,Yes,[redacted]
anon-ID_C_626,Research,Yes,[redacted]
anon-ID_C_627,Research,Yes,[redacted]
anon-ID_C_628,Research,My paper has no data,[redacted]
anon-ID_C_629,Research,Yes,[redacted]
anon-ID_C_630,Research,Yes,[redacted]
anon-ID_C_631,Research,Yes,[redacted]
anon-ID_C_632,Research,Yes,[redacted]
anon-ID_C_633,Research,Yes,[redacted]
anon-ID_C_634,Research,Yes,[redacted]
anon-ID_C_635,Research,My paper has no data,[redacted]
anon-ID_C_636,Research,Yes,[redacted]
anon-ID_C_637,Research,Yes,[redacted]
anon-ID_C_638,Research,Yes,[redacted]
anon-ID_C_639,Research,My paper has no data,[redacted]
anon-ID_C_640,Evidence Synthesis,Yes,[redacted]
anon-ID_C_641,Research,Yes,[redacted]
anon-ID_C_642,Research,Yes,[redacted]
anon-ID_C_643,Research,Yes,[redacted]
anon-ID_C_644,Evidence Synthesis,Yes,[redacted]
anon-ID_C_645,Research,Yes,[redacted]
anon-ID_C_646,Research,Yes,[redacted]
anon-ID_C_647,Research,Yes,[redacted]
anon-ID_C_648,Research,Yes,[redacted]
anon-ID_C_649,Biological Science Practices,My paper has no data,[redacted]
anon-ID_C_650,Commentary,My paper has no data,[redacted]
anon-ID_C_651,Research,Yes,[redacted]
anon-ID_C_652,Research,Yes,[redacted]
anon-ID_C_653,Research,Yes,[redacted]
anon-ID_C_654,Research,Yes,[redacted]
anon-ID_C_655,Research,Yes,[redacted]
anon-ID_C_656,Research,Yes,[redacted]
anon-ID_C_657,Research,Yes,[redacted]
anon-ID_C_658,Research,Yes,[redacted]
anon-ID_C_659,Research,Yes,[redacted]
anon-ID_C_660,Research,Yes,[redacted]
anon-ID_C_661,Research,Yes,[redacted]
anon-ID_C_662,Research,Yes,[redacted]
anon-ID_C_663,Research,Yes,[redacted]
anon-ID_C_664,Research,Yes,[redacted]
anon-ID_C_665,Research,Yes,[redacted]
anon-ID_C_666,Research,Yes,[redacted]
anon-ID_C_667,Research,Yes,[redacted]
anon-ID_C_668,Research,Yes,[redacted]
anon-ID_C_669,Special Feature Reviews,My paper has no data,[redacted]
anon-ID_C_670,Research,Yes,[redacted]
anon-ID_C_671,Research,Yes,[redacted]
anon-ID_C_672,Research,Yes,[redacted]
anon-ID_C_673,Research,Yes,[redacted]
anon-ID_C_674,Research,Yes,[redacted]
anon-ID_C_675,Research,Yes,[redacted]
anon-ID_C_676,Research,Yes,[redacted]
anon-ID_C_677,Research,Yes,[redacted]
anon-ID_C_678,Special Feature Reviews,My paper has no data,[redacted]
anon-ID_C_679,Research,Yes,[redacted]
anon-ID_C_680,Research,Yes,[redacted]
anon-ID_C_681,Research,Yes,[redacted]
anon-ID_C_682,Research,Yes,[redacted]
anon-ID_C_683,Research,Yes,[redacted]
anon-ID_C_684,Research,My paper has no data,[redacted]
anon-ID_C_685,Review,My paper has no data,[redacted]
anon-ID_C_686,Research,Yes,[redacted]
anon-ID_C_687,Research,Yes,[redacted]
anon-ID_C_688,Research,Yes,[redacted]
anon-ID_C_689,Research,Yes,[redacted]
anon-ID_C_690,Research,Yes,[redacted]
anon-ID_C_691,Research,Yes,[redacted]
anon-ID_C_692,Research,Yes,[redacted]
anon-ID_C_693,Research,Yes,[redacted]
anon-ID_C_694,Research,Yes,[redacted]
anon-ID_C_695,Research,Yes,[redacted]
anon-ID_C_696,Research,Yes,[redacted]
anon-ID_C_697,Research,Yes,[redacted]
anon-ID_C_698,Research,Yes,[redacted]
anon-ID_C_699,Research,Yes,[redacted]
anon-ID_C_700,Research,Yes,[redacted]
anon-ID_C_701,Research,Yes,[redacted]
anon-ID_C_702,Special Feature Reviews,My paper has no data,[redacted]
anon-ID_C_703,Biological Science Practices,My paper has no data,[redacted]
anon-ID_C_704,Research,Yes,[redacted]
anon-ID_C_705,Research,Yes,[redacted]
anon-ID_C_706,Research,Yes,[redacted]
anon-ID_C_707,Research,Yes,[redacted]
anon-ID_C_708,Research,Yes,[redacted]
anon-ID_C_709,Research,Yes,[redacted]
anon-ID_C_710,Research,Yes,[redacted]
anon-ID_C_711,Research,Yes,[redacted]
anon-ID_C_712,Commentary,My paper has no data,[redacted]
anon-ID_C_713,Research,Yes,[redacted]
anon-ID_C_714,Research,Yes,[redacted]
anon-ID_C_715,Research,Yes,[redacted]
anon-ID_C_716,Research,Yes,[redacted]
anon-ID_C_717,Research,Yes,[redacted]
anon-ID_C_718,Research,Yes,[redacted]
anon-ID_C_719,Research,Yes,[redacted]
anon-ID_C_720,Research,Yes,[redacted]
anon-ID_C_721,Research,Yes,[redacted]
anon-ID_C_722,Research,My paper has no data,[redacted]
anon-ID_C_723,Research,Yes,[redacted]
anon-ID_C_724,Research,Yes,[redacted]
anon-ID_C_725,Research,Yes,[redacted]
anon-ID_C_726,Research,My paper has no data,[redacted]
anon-ID_C_727,Research,Yes,[redacted]
anon-ID_C_728,Research,Yes,[redacted]
anon-ID_C_729,Research,My paper has no data,[redacted]
anon-ID_C_730,Review,My paper has no data,[redacted]
anon-ID_C_731,Research,Yes,[redacted]
anon-ID_C_732,Research,Yes,[redacted]
anon-ID_C_733,Research,Yes,[redacted]
anon-ID_C_734,Research,Yes,[redacted]
anon-ID_C_735,Research,Yes,[redacted]
anon-ID_C_736,Research,Yes,[redacted]
anon-ID_C_737,Research,Yes,[redacted]
anon-ID_C_738,Research,Yes,[redacted]
anon-ID_C_739,Research,Yes,[redacted]
anon-ID_C_740,Research,Yes,[redacted]
anon-ID_C_741,Research,Yes,[redacted]
anon-ID_C_742,Research,Yes,[redacted]
anon-ID_C_743,Research,Yes,[redacted]
anon-ID_C_744,Research,Yes,[redacted]
anon-ID_C_745,Research,Yes,[redacted]
anon-ID_C_746,Research,Yes,[redacted]
anon-ID_C_747,Research,Yes,[redacted]
anon-ID_C_748,Research,Yes,[redacted]
anon-ID_C_749,Research,Yes,[redacted]
anon-ID_C_750,Research,Yes,[redacted]
anon-ID_C_751,Research,Yes,[redacted]
anon-ID_C_752,Research,Yes,[redacted]
anon-ID_C_753,Research,Yes,[redacted]
anon-ID_C_754,Research,Yes,[redacted]
anon-ID_C_755,Research,Yes,[redacted]
anon-ID_C_756,Research,Yes,[redacted]
anon-ID_C_757,Research,Yes,[redacted]
anon-ID_C_758,Research,Yes,[redacted]
anon-ID_C_759,Research,Yes,[redacted]
anon-ID_C_760,Research,Yes,[redacted]
anon-ID_C_761,Research,Yes,[redacted]
anon-ID_C_762,Research,Yes,[redacted]
anon-ID_C_763,Research,Yes,[redacted]
anon-ID_C_764,Research,Yes,[redacted]
anon-ID_C_765,Research,Yes,[redacted]
anon-ID_C_766,Research,Yes,[redacted]
anon-ID_C_767,Research,Yes,[redacted]
anon-ID_C_768,Research,Yes,[redacted]
anon-ID_C_769,Research,Yes,[redacted]
anon-ID_C_770,Research,Yes,[redacted]
anon-ID_C_771,Research,Yes,[redacted]
anon-ID_C_772,Research,Yes,[redacted]
anon-ID_C_773,Research,Yes,[redacted]
anon-ID_C_774,Research,My paper has no data,[redacted]
anon-ID_C_775,Research,Yes,[redacted]
anon-ID_C_776,Research,My paper has no data,[redacted]
anon-ID_C_777,Research,Yes,[redacted]
anon-ID_C_778,Research,Yes,[redacted]
anon-ID_C_779,Research,Yes,[redacted]
anon-ID_C_780,Research,My paper has no data,[redacted]
anon-ID_C_781,Research,Yes,[redacted]
anon-ID_C_782,Research,My paper has no data,[redacted]
anon-ID_C_783,Research,Yes,[redacted]
anon-ID_C_784,Research,Yes,[redacted]
anon-ID_C_785,Research,Yes,[redacted]
anon-ID_C_786,Research,Yes,[redacted]
anon-ID_C_787,Research,Yes,[redacted]
anon-ID_C_788,Research,Yes,[redacted]
anon-ID_C_789,Research,My paper has no data,[redacted]
anon-ID_C_790,Review,My paper has no data,[redacted]
anon-ID_C_791,Research,Yes,[redacted]
anon-ID_C_792,Research,Yes,[redacted]
anon-ID_C_793,Research,Yes,[redacted]
anon-ID_C_794,Research,Yes,[redacted]
anon-ID_C_795,Research,My paper has no data,[redacted]
anon-ID_C_796,Research,Yes,[redacted]
anon-ID_C_797,Research,Yes,[redacted]
anon-ID_C_798,Research,Yes,[redacted]
anon-ID_C_799,Research,Yes,[redacted]
anon-ID_C_800,Research,Yes,[redacted]
anon-ID_C_801,Research,Yes,[redacted]
anon-ID_C_802,Research,Yes,[redacted]
anon-ID_C_803,Research,Yes,[redacted]
anon-ID_C_804,Research,Yes,[redacted]
anon-ID_C_805,Research,Yes,[redacted]
anon-ID_C_806,Research,Yes,[redacted]
anon-ID_C_807,Research,Yes,[redacted]
anon-ID_C_808,Commentary,My paper has no data,[redacted]
anon-ID_C_809,Research,Yes,[redacted]
anon-ID_C_810,Research,Yes,[redacted]
anon-ID_C_811,Research,Yes,[redacted]
anon-ID_C_812,Research,Yes,[redacted]
anon-ID_C_813,Research,Yes,[redacted]
anon-ID_C_814,Research,Yes,[redacted]
anon-ID_C_815,Research,Yes,[redacted]
anon-ID_C_816,Research,Yes,[redacted]
anon-ID_C_817,Research,Yes,[redacted]
anon-ID_C_818,Research,Yes,[redacted]
anon-ID_C_819,Review,Yes,[redacted]
anon-ID_C_820,Research,Yes,[redacted]
anon-ID_C_821,Research,Yes,[redacted]
anon-ID_C_822,Research,Yes,[redacted]
anon-ID_C_823,Research,Yes,[redacted]
anon-ID_C_824,Research,Yes,[redacted]
anon-ID_C_825,Research,Yes,[redacted]
anon-ID_C_826,Research,Yes,[redacted]
anon-ID_C_827,Research,Yes,[redacted]
anon-ID_C_828,Research,Yes,[redacted]
anon-ID_C_829,Research,My paper has no data,[redacted]
anon-ID_C_830,Research,Yes,[redacted]
anon-ID_C_831,Research,Yes,[redacted]
anon-ID_C_832,Research,Yes,[redacted]
anon-ID_C_833,Research,Yes,[redacted]
anon-ID_C_834,Research,Yes,[redacted]
anon-ID_C_835,Research,Yes,[redacted]
anon-ID_C_836,Research,Yes,[redacted]
anon-ID_C_837,Research,Yes,[redacted]
anon-ID_C_838,Research,Yes,[redacted]
anon-ID_C_839,Evidence Synthesis,Yes,[redacted]
anon-ID_C_840,Research,Yes,[redacted]
anon-ID_C_841,Research,Yes,[redacted]
anon-ID_C_842,Research,Yes,[redacted]
anon-ID_C_843,Research,Yes,[redacted]
anon-ID_C_844,Research,Yes,[redacted]
anon-ID_C_845,Research,Yes,[redacted]
anon-ID_C_846,Special Feature Reviews,My paper has no data,[redacted]
anon-ID_C_847,Research,Yes,[redacted]
anon-ID_C_848,Research,Yes,[redacted]
anon-ID_C_849,Research,Yes,[redacted]
anon-ID_C_850,Research,Yes,[redacted]
anon-ID_C_851,Commentary,My paper has no data,[redacted]
anon-ID_C_852,Research,Yes,[redacted]
anon-ID_C_853,Research,Yes,[redacted]
anon-ID_C_854,Research,Yes,[redacted]
anon-ID_C_855,Research,Yes,[redacted]
anon-ID_C_856,Research,Yes,[redacted]
anon-ID_C_857,Research,Yes,[redacted]
anon-ID_C_858,Research,Yes,[redacted]
anon-ID_C_859,Research,Yes,[redacted]
anon-ID_C_860,Research,Yes,[redacted]
anon-ID_C_861,Research,Yes,[redacted]
anon-ID_C_862,Research,Yes,[redacted]
anon-ID_C_863,Research,Yes,[redacted]
anon-ID_C_864,Research,Yes,[redacted]
anon-ID_C_865,Research,Yes,[redacted]
anon-ID_C_866,Research,Yes,[redacted]
anon-ID_C_867,Research,Yes,[redacted]
anon-ID_C_868,Research,Yes,[redacted]
anon-ID_C_869,Research,My paper has no data,[redacted]
anon-ID_C_870,Research,My paper has no data,[redacted]
anon-ID_C_871,Research,Yes,[redacted]
anon-ID_C_872,Research,Yes,[redacted]
anon-ID_C_873,Research,Yes,[redacted]
anon-ID_C_874,Research,Yes,[redacted]
anon-ID_C_875,Research,Yes,[redacted]
anon-ID_C_876,Research,Yes,[redacted]
anon-ID_C_877,Research,Yes,[redacted]
anon-ID_C_878,Research,Yes,[redacted]
anon-ID_C_879,Research,Yes,[redacted]
anon-ID_C_880,Research,Yes,[redacted]
anon-ID_C_881,Research,Yes,[redacted]
anon-ID_C_882,Research,Yes,[redacted]
anon-ID_C_883,Research,Yes,[redacted]
anon-ID_C_884,Research,Yes,[redacted]
anon-ID_C_885,Research,Yes,[redacted]
anon-ID_C_886,Research,Yes,[redacted]
anon-ID_C_887,Research,My paper has no data,[redacted]
anon-ID_C_888,Research,Yes,[redacted]
anon-ID_C_889,Research,Yes,[redacted]
anon-ID_C_890,Research,Yes,[redacted]
anon-ID_C_891,Research,Yes,[redacted]
anon-ID_C_892,Research,Yes,[redacted]
anon-ID_C_893,Research,Yes,[redacted]
anon-ID_C_894,Research,Yes,[redacted]
anon-ID_C_895,Research,My paper has no data,[redacted]
anon-ID_C_896,Research,Yes,[redacted]
anon-ID_C_897,Research,Yes,[redacted]
anon-ID_C_898,Research,Yes,[redacted]
anon-ID_C_899,Research,Yes,[redacted]
anon-ID_C_900,Research,Yes,[redacted]
anon-ID_C_901,Research,Yes,[redacted]
anon-ID_C_902,Research,Yes,[redacted]
anon-ID_C_903,Research,Yes,[redacted]
anon-ID_C_904,Research,Yes,[redacted]
anon-ID_C_905,Research,Yes,[redacted]
anon-ID_C_906,Research,Yes,[redacted]
anon-ID_C_907,Research,Yes,[redacted]
anon-ID_C_908,Research,Yes,[redacted]
anon-ID_C_909,Research,Yes,[redacted]
anon-ID_C_910,Research,Yes,[redacted]
anon-ID_C_911,Research,Yes,[redacted]
anon-ID_C_912,Research,Yes,[redacted]
anon-ID_C_913,Research,Yes,[redacted]
anon-ID_C_914,Research,Yes,[redacted]
anon-ID_C_915,Research,My paper has no data,[redacted]
anon-ID_C_916,Research,Yes,[redacted]
anon-ID_C_917,Research,Yes,[redacted]
anon-ID_C_918,Research,My paper has no data,[redacted]
anon-ID_C_919,Research,Yes,[redacted]
anon-ID_C_920,Research,Yes,[redacted]
anon-ID_C_921,Research,Yes,[redacted]
anon-ID_C_922,Research,My paper has no data,[redacted]
anon-ID_C_923,Evidence Synthesis,My paper has no data,[redacted]
anon-ID_C_924,Research,Yes,[redacted]
anon-ID_C_925,Research,Yes,[redacted]
anon-ID_C_926,Research,Yes,[redacted]
anon-ID_C_927,Research,Yes,[redacted]
anon-ID_C_928,Research,Yes,[redacted]
anon-ID_C_929,Research,Yes,[redacted]
anon-ID_C_930,Research,Yes,[redacted]
anon-ID_C_931,Research,Yes,[redacted]
anon-ID_C_932,Special Feature Reviews,My paper has no data,[redacted]
anon-ID_C_933,Research,Yes,[redacted]
anon-ID_C_934,Research,Yes,[redacted]
anon-ID_C_935,Research,Yes,[redacted]
anon-ID_C_936,Research,Yes,[redacted]
anon-ID_C_937,Research,Yes,[redacted]
anon-ID_C_938,Research,Yes,[redacted]
anon-ID_C_939,Research,Yes,[redacted]
anon-ID_C_940,Research,Yes,[redacted]
anon-ID_C_941,Research,Yes,[redacted]
anon-ID_C_942,Research,Yes,[redacted]
anon-ID_C_943,Research,Yes,[redacted]
anon-ID_C_944,Review,My paper has no data,[redacted]
anon-ID_C_945,Research,Yes,[redacted]
anon-ID_C_946,Research,Yes,[redacted]
anon-ID_C_947,Research,Yes,[redacted]
anon-ID_C_948,Research,Yes,[redacted]
anon-ID_C_949,Research,Yes,[redacted]
anon-ID_C_950,Research,Yes,[redacted]
anon-ID_C_951,Research,Yes,[redacted]
anon-ID_C_952,Research,Yes,[redacted]
anon-ID_C_953,Research,Yes,[redacted]
anon-ID_C_954,Research,Yes,[redacted]
anon-ID_C_955,Research,Yes,[redacted]
anon-ID_C_956,Research,Yes,[redacted]
anon-ID_C_957,Research,Yes,[redacted]
anon-ID_C_958,Research,My paper has no data,[redacted]
anon-ID_C_959,Research,Yes,[redacted]
anon-ID_C_960,Research,My paper has no data,[redacted]
anon-ID_C_961,Research,Yes,[redacted]
anon-ID_C_962,Research,Yes,[redacted]
anon-ID_C_963,Research,Yes,[redacted]
anon-ID_C_964,Review,My paper has no data,[redacted]
anon-ID_C_965,Research,Yes,[redacted]
anon-ID_C_966,Biological Science Practices,Yes,[redacted]
anon-ID_C_967,Research,Yes,[redacted]
anon-ID_C_968,Research,Yes,[redacted]
anon-ID_C_969,Research,Yes,[redacted]
anon-ID_C_970,Research,Yes,[redacted]
anon-ID_C_971,Research,Yes,[redacted]
anon-ID_C_972,Research,Yes,[redacted]
anon-ID_C_973,Research,Yes,[redacted]
anon-ID_C_974,Research,Yes,[redacted]
anon-ID_C_975,Research,Yes,[redacted]
anon-ID_C_976,Research,Yes,[redacted]
anon-ID_C_977,Research,Yes,[redacted]
anon-ID_C_978,Research,Yes,[redacted]
anon-ID_C_979,Research,Yes,[redacted]
anon-ID_C_980,Research,Yes,[redacted]
anon-ID_C_981,Research,Yes,[redacted]
anon-ID_C_982,Research,Yes,[redacted]
anon-ID_C_983,Research,Yes,[redacted]
anon-ID_C_984,Research,Yes,[redacted]
anon-ID_C_985,Research,Yes,[redacted]
anon-ID_C_986,Research,My paper has no data,[redacted]
anon-ID_C_987,Research,Yes,[redacted]
anon-ID_C_988,Research,Yes,[redacted]
anon-ID_C_989,Research,Yes,[redacted]
anon-ID_C_990,Research,Yes,[redacted]
anon-ID_C_991,Research,Yes,[redacted]
anon-ID_C_992,Research,Yes,[redacted]
anon-ID_C_993,Research,Yes,[redacted]
anon-ID_C_994,Research,Yes,[redacted]
anon-ID_C_995,Research,My paper has no data,[redacted]
anon-ID_C_996,Research,Yes,[redacted]
anon-ID_C_997,Research,Yes,[redacted]
anon-ID_C_998,Research,Yes,[redacted]
anon-ID_C_999,Research,Yes,[redacted]
anon-ID_C_1000,Research,Yes,[redacted]
anon-ID_C_1001,Research,Yes,[redacted]
anon-ID_C_1002,Research,Yes,[redacted]
anon-ID_C_1003,Research,Yes,[redacted]
anon-ID_C_1004,Research,Yes,[redacted]
anon-ID_C_1005,Research,Yes,[redacted]
anon-ID_C_1006,Research,Yes,[redacted]
anon-ID_C_1007,Research,Yes,[redacted]
anon-ID_C_1008,Research,Yes,[redacted]
anon-ID_C_1009,Research,Yes,[redacted]
anon-ID_C_1010,Research,Yes,[redacted]
anon-ID_C_1011,Research,Yes,[redacted]
anon-ID_C_1012,Research,Yes,[redacted]
anon-ID_C_1013,Research,Yes,[redacted]
anon-ID_C_1014,Research,My paper has no data,[redacted]
anon-ID_C_1015,Research,Yes,[redacted]
anon-ID_C_1016,Research,Yes,[redacted]
anon-ID_C_1017,Research,My paper has no data,[redacted]
anon-ID_C_1018,Review,My paper has no data,[redacted]
anon-ID_C_1019,Research,Yes,[redacted]
anon-ID_C_1020,Research,Yes,[redacted]
anon-ID_C_1021,Research,Yes,[redacted]
anon-ID_C_1022,Research,Yes,[redacted]
anon-ID_C_1023,Research,My paper has no data,[redacted]
anon-ID_C_1024,Research,Yes,[redacted]
anon-ID_C_1025,Evidence Synthesis,Yes,[redacted]
anon-ID_C_1026,Research,Yes,[redacted]
anon-ID_C_1027,Research,Yes,[redacted]
anon-ID_C_1028,Research,My paper has no data,[redacted]
anon-ID_C_1029,Research,Yes,[redacted]
anon-ID_C_1030,Research,Yes,[redacted]
anon-ID_C_1031,Research,Yes,[redacted]
anon-ID_C_1032,Research,Yes,[redacted]
anon-ID_C_1033,Research,My paper has no data,[redacted]
anon-ID_C_1034,Research,Yes,[redacted]
anon-ID_C_1035,Research,Yes,[redacted]
anon-ID_C_1036,Research,My paper has no data,[redacted]
anon-ID_C_1037,Special Feature Reviews,My paper has no data,[redacted]
anon-ID_C_1038,Research,Yes,[redacted]
anon-ID_C_1039,Research,Yes,[redacted]
anon-ID_C_1040,Research,Yes,[redacted]
anon-ID_C_1041,Research,Yes,[redacted]
anon-ID_C_1042,Research,Yes,[redacted]
anon-ID_C_1043,Research,Yes,[redacted]
anon-ID_C_1044,Research,Yes,[redacted]
anon-ID_C_1045,Research,Yes,[redacted]
anon-ID_C_1046,Research,Yes,[redacted]
anon-ID_C_1047,Research,Yes,[redacted]
anon-ID_C_1048,Research,Yes,[redacted]
anon-ID_C_1049,Research,My paper has no data,[redacted]
anon-ID_C_1050,Research,Yes,[redacted]
anon-ID_C_1051,Research,Yes,[redacted]
anon-ID_C_1052,Research,Yes,[redacted]
anon-ID_C_1053,Research,Yes,[redacted]
anon-ID_C_1054,Research,My paper has no data,[redacted]
anon-ID_C_1055,Research,Yes,[redacted]
anon-ID_C_1056,Research,Yes,[redacted]
anon-ID_C_1057,Research,Yes,[redacted]
anon-ID_C_1058,Research,My paper has no data,[redacted]
anon-ID_C_1059,Research,Yes,[redacted]
anon-ID_C_1060,Research,Yes,[redacted]
anon-ID_C_1061,Research,Yes,[redacted]
anon-ID_C_1062,Research,Yes,[redacted]
anon-ID_C_1063,Research,Yes,[redacted]
anon-ID_C_1064,Research,My paper has no data,[redacted]
anon-ID_C_1065,Research,Yes,[redacted]
anon-ID_C_1066,Review,My paper has no data,[redacted]
anon-ID_C_1067,Research,My paper has no data,[redacted]
anon-ID_C_1068,Research,Yes,[redacted]
anon-ID_C_1069,Research,Yes,[redacted]
anon-ID_C_1070,Research,My paper has no data,[redacted]
anon-ID_C_1071,Research,Yes,[redacted]
anon-ID_C_1072,Research,Yes,[redacted]
anon-ID_C_1073,Research,Yes,[redacted]
anon-ID_C_1074,Research,Yes,[redacted]
anon-ID_C_1075,Research,Yes,[redacted]
anon-ID_C_1076,Biological Science Practices,Yes,[redacted]
anon-ID_C_1077,Research,Yes,[redacted]
anon-ID_C_1078,Research,Yes,[redacted]
anon-ID_C_1079,Research,My paper has no data,[redacted]
anon-ID_C_1080,Research,Yes,[redacted]
anon-ID_C_1081,Research,Yes,[redacted]
anon-ID_C_1082,Research,My paper has no data,[redacted]
anon-ID_C_1083,Research,Yes,[redacted]
anon-ID_C_1084,Research,Yes,[redacted]
anon-ID_C_1085,Research,Yes,[redacted]
anon-ID_C_1086,Research,My paper has no data,[redacted]
anon-ID_C_1087,Research,Yes,[redacted]
anon-ID_C_1088,Research,Yes,[redacted]
anon-ID_C_1089,Research,Yes,[redacted]
anon-ID_C_1090,Research,Yes,[redacted]
anon-ID_C_1091,Research,My paper has no data,[redacted]
anon-ID_C_1092,Research,Yes,[redacted]
anon-ID_C_1093,Research,Yes,[redacted]
anon-ID_C_1094,Research,My paper has no data,[redacted]
anon-ID_C_1095,Research,Yes,[redacted]
anon-ID_C_1096,Research,Yes,[redacted]
anon-ID_C_1097,Research,Yes,[redacted]
anon-ID_C_1098,Research,Yes,[redacted]
anon-ID_C_1099,Research,Yes,[redacted]
anon-ID_C_1100,Research,Yes,[redacted]
anon-ID_C_1101,Research,Yes,[redacted]
anon-ID_C_1102,Research,Yes,[redacted]
anon-ID_C_1103,Research,Yes,[redacted]
anon-ID_C_1104,Research,Yes,[redacted]
anon-ID_C_1105,Research,Yes,[redacted]
anon-ID_C_1106,Research,Yes,[redacted]
anon-ID_C_1107,Research,Yes,[redacted]
anon-ID_C_1108,Research,Yes,[redacted]
anon-ID_C_1109,Research,Yes,[redacted]
anon-ID_C_1110,Research,Yes,[redacted]
anon-ID_C_1111,Research,Yes,[redacted]
anon-ID_C_1112,Commentary,My paper has no data,[redacted]
anon-ID_C_1113,Research,Yes,[redacted]
anon-ID_C_1114,Research,Yes,[redacted]
anon-ID_C_1115,Research,Yes,[redacted]
anon-ID_C_1116,Research,Yes,[redacted]
anon-ID_C_1117,Research,Yes,[redacted]
anon-ID_C_1118,Research,Yes,[redacted]
anon-ID_C_1119,Research,Yes,[redacted]
anon-ID_C_1120,Research,Yes,[redacted]
anon-ID_C_1121,Research,Yes,[redacted]
anon-ID_C_1122,Research,Yes,[redacted]
anon-ID_C_1123,Research,Yes,[redacted]
anon-ID_C_1124,Research,Yes,[redacted]
anon-ID_C_1125,Research,Yes,[redacted]
anon-ID_C_1126,Research,Yes,[redacted]
anon-ID_C_1127,Research,Yes,[redacted]
anon-ID_C_1128,Research,Yes,[redacted]
anon-ID_C_1129,Research,,[redacted]
anon-ID_C_1130,Research,Yes,[redacted]
anon-ID_C_1131,Research,Yes,[redacted]
anon-ID_C_1132,Research,Yes,[redacted]
anon-ID_C_1133,Research,Yes,[redacted]
anon-ID_C_1134,Research,Yes,[redacted]
anon-ID_C_1135,Research,My paper has no data,[redacted]
anon-ID_C_1136,Research,My paper has no data,[redacted]
anon-ID_C_1137,Research,Yes,[redacted]
anon-ID_C_1138,Research,Yes,[redacted]
anon-ID_C_1139,Research,Yes,[redacted]
anon-ID_C_1140,Research,Yes,[redacted]
anon-ID_C_1141,Research,Yes,[redacted]
anon-ID_C_1142,Research,Yes,[redacted]
anon-ID_C_1143,Research,Yes,[redacted]
anon-ID_C_1144,Research,Yes,[redacted]
anon-ID_C_1145,Research,Yes,[redacted]
anon-ID_C_1146,Research,Yes,[redacted]
anon-ID_C_1147,Research,Yes,[redacted]
anon-ID_C_1148,Research,Yes,[redacted]
anon-ID_C_1149,Research,Yes,[redacted]
anon-ID_C_1150,Research,Yes,[redacted]
anon-ID_C_1151,Research,Yes,[redacted]
anon-ID_C_1152,Research,Yes,[redacted]
anon-ID_C_1153,Research,My paper has no data,[redacted]
anon-ID_C_1154,Research,Yes,[redacted]
anon-ID_C_1155,Research,Yes,[redacted]
anon-ID_C_1156,Research,Yes,[redacted]
anon-ID_C_1157,Research,Yes,[redacted]
anon-ID_C_1158,Research,My paper has no data,[redacted]
anon-ID_C_1159,Research,Yes,[redacted]
anon-ID_C_1160,Research,Yes,[redacted]
anon-ID_C_1161,Research,Yes,[redacted]
anon-ID_C_1162,Research,Yes,[redacted]
anon-ID_C_1163,Research,Yes,[redacted]
anon-ID_C_1164,Research,Yes,[redacted]
anon-ID_C_1165,Review,Yes,[redacted]
anon-ID_C_1166,Research,Yes,[redacted]
anon-ID_C_1167,Research,Yes,[redacted]
anon-ID_C_1168,Review,My paper has no data,[redacted]
anon-ID_C_1169,Research,My paper has no data,[redacted]
anon-ID_C_1170,Research,Yes,[redacted]
anon-ID_C_1171,Research,Yes,[redacted]
anon-ID_C_1172,Research,Yes,[redacted]
anon-ID_C_1173,Research,Yes,[redacted]
anon-ID_C_1174,Review,Yes,[redacted]
anon-ID_C_1175,Research,Yes,[redacted]
anon-ID_C_1176,Research,Yes,[redacted]
anon-ID_C_1177,Research,Yes,[redacted]
anon-ID_C_1178,Research,Yes,[redacted]
anon-ID_C_1179,Research,Yes,[redacted]
anon-ID_C_1180,Research,Yes,[redacted]
anon-ID_C_1181,Research,Yes,[redacted]
anon-ID_C_1182,Research,My paper has no data,[redacted]
anon-ID_C_1183,Research,Yes,[redacted]
anon-ID_C_1184,Research,My paper has no data,[redacted]
anon-ID_C_1185,Research,Yes,[redacted]
anon-ID_C_1186,Research,Yes,[redacted]
anon-ID_C_1187,Research,Yes,[redacted]
anon-ID_C_1188,Research,My paper has no data,[redacted]
anon-ID_C_1189,Research,Yes,[redacted]
anon-ID_C_1190,Review,My paper has no data,[redacted]
anon-ID_C_1191,Research,Yes,[redacted]
anon-ID_C_1192,Research,Yes,[redacted]
anon-ID_C_1193,Research,Yes,[redacted]
anon-ID_C_1194,Research,Yes,[redacted]
anon-ID_C_1195,Research,Yes,[redacted]
anon-ID_C_1196,Research,Yes,[redacted]
anon-ID_C_1197,Research,Yes,[redacted]
anon-ID_C_1198,Research,Yes,[redacted]
anon-ID_C_1199,Research,Yes,[redacted]
anon-ID_C_1200,Research,Yes,[redacted]
anon-ID_C_1201,Research,Yes,[redacted]
anon-ID_C_1202,Review,My paper has no data,[redacted]
anon-ID_C_1203,Research,Yes,[redacted]
anon-ID_C_1204,Research,Yes,[redacted]
anon-ID_C_1205,Research,Yes,[redacted]
anon-ID_C_1206,Research,Yes,[redacted]
anon-ID_C_1207,Research,Yes,[redacted]
anon-ID_C_1208,Research,Yes,[redacted]
anon-ID_C_1209,Research,Yes,[redacted]
anon-ID_C_1210,Research,Yes,[redacted]
anon-ID_C_1211,Research,Yes,[redacted]
anon-ID_C_1212,Research,Yes,[redacted]
anon-ID_C_1213,Research,Yes,[redacted]
anon-ID_C_1214,Research,Yes,[redacted]
anon-ID_C_1215,Research,Yes,[redacted]
anon-ID_C_1216,Research,Yes,[redacted]
anon-ID_C_1217,Research,Yes,[redacted]
anon-ID_C_1218,Research,Yes,[redacted]
anon-ID_C_1219,Research,Yes,[redacted]
anon-ID_C_1220,Research,Yes,[redacted]
anon-ID_C_1221,Research,My paper has no data,[redacted]
anon-ID_C_1222,Research,Yes,[redacted]
anon-ID_C_1223,Research,Yes,[redacted]
anon-ID_C_1224,Research,Yes,[redacted]
anon-ID_C_1225,Research,Yes,[redacted]
anon-ID_C_1226,Research,Yes,[redacted]
anon-ID_C_1227,Research,Yes,[redacted]
anon-ID_C_1228,Review,My paper has no data,[redacted]
anon-ID_C_1229,Research,Yes,[redacted]
anon-ID_C_1230,Research,Yes,[redacted]
anon-ID_C_1231,Research,My paper has no data,[redacted]
anon-ID_C_1232,Review,My paper has no data,[redacted]
anon-ID_C_1233,Research,Yes,[redacted]
anon-ID_C_1234,Research,My paper has no data,[redacted]
anon-ID_C_1235,Research,Yes,[redacted]
anon-ID_C_1236,Research,Yes,[redacted]
anon-ID_C_1237,Research,Yes,[redacted]
anon-ID_C_1238,Research,Yes,[redacted]
anon-ID_C_1239,Research,Yes,[redacted]
anon-ID_C_1240,Research,Yes,[redacted]
anon-ID_C_1241,Research,Yes,[redacted]
anon-ID_C_1242,Research,Yes,[redacted]
anon-ID_C_1243,Research,Yes,[redacted]
anon-ID_C_1244,Review,My paper has no data,[redacted]
anon-ID_C_1245,Comment,My paper has no data,[redacted]
anon-ID_C_1246,Research,My paper has no data,[redacted]
anon-ID_C_1247,Research,Yes,[redacted]
anon-ID_C_1248,Research,Yes,[redacted]
anon-ID_C_1249,Research,Yes,[redacted]
anon-ID_C_1250,Research,Yes,[redacted]
anon-ID_C_1251,Research,Yes,[redacted]
anon-ID_C_1252,Research,Yes,[redacted]
anon-ID_C_1253,Research,Yes,[redacted]
anon-ID_C_1254,Research,My paper has no data,[redacted]
anon-ID_C_1255,Research,Yes,[redacted]
anon-ID_C_1256,Research,My paper has no data,[redacted]
anon-ID_C_1257,Research,Yes,[redacted]
anon-ID_C_1258,Research,My paper has no data,[redacted]
anon-ID_C_1259,Research,Yes,[redacted]
anon-ID_C_1260,Research,Yes,[redacted]
anon-ID_C_1261,Research,Yes,[redacted]
anon-ID_C_1262,Research,Yes,[redacted]
anon-ID_C_1263,Research,My paper has no data,[redacted]
anon-ID_C_1264,Research,My paper has no data,[redacted]
anon-ID_C_1265,Research,Yes,[redacted]
anon-ID_C_1266,Research,Yes,[redacted]
anon-ID_C_1267,Research,Yes,[redacted]
anon-ID_C_1268,Research,Yes,[redacted]
anon-ID_C_1269,Research,Yes,[redacted]
anon-ID_C_1270,Research,Yes,[redacted]
anon-ID_C_1271,Research,Yes,[redacted]
anon-ID_C_1272,Research,Yes,[redacted]
anon-ID_C_1273,Research,Yes,[redacted]
anon-ID_C_1274,Research,Yes,[redacted]
anon-ID_C_1275,Research,Yes,[redacted]
anon-ID_C_1276,Research,Yes,[redacted]
anon-ID_C_1277,Research,Yes,[redacted]
anon-ID_C_1278,Research,Yes,[redacted]
anon-ID_C_1279,Research,Yes,[redacted]
anon-ID_C_1280,Evidence Synthesis,My paper has no data,[redacted]
anon-ID_C_1281,Research,Yes,[redacted]
anon-ID_C_1282,Research,Yes,[redacted]
anon-ID_C_1283,Research,Yes,[redacted]
anon-ID_C_1284,Research,Yes,[redacted]
anon-ID_C_1285,Research,Yes,[redacted]
anon-ID_C_1286,Research,Yes,[redacted]
anon-ID_C_1287,Research,My paper has no data,[redacted]
anon-ID_C_1288,Research,Yes,[redacted]
anon-ID_C_1289,Research,Yes,[redacted]
anon-ID_C_1290,Research,My paper has no data,[redacted]
anon-ID_C_1291,Research,Yes,[redacted]
anon-ID_C_1292,Research,Yes,[redacted]
anon-ID_C_1293,Research,Yes,[redacted]
anon-ID_C_1294,Research,Yes,[redacted]
anon-ID_C_1295,Research,Yes,[redacted]
anon-ID_C_1296,Research,Yes,[redacted]
anon-ID_C_1297,Research,Yes,[redacted]
anon-ID_C_1298,Research,Yes,[redacted]
anon-ID_C_1299,Research,Yes,[redacted]
anon-ID_C_1300,Research,Yes,[redacted]
anon-ID_C_1301,Research,Yes,[redacted]
anon-ID_C_1302,Research,My paper has no data,[redacted]
anon-ID_C_1303,Research,Yes,[redacted]
anon-ID_C_1304,Research,Yes,[redacted]
anon-ID_C_1305,Research,Yes,[redacted]
anon-ID_C_1306,Research,Yes,[redacted]
anon-ID_C_1307,Research,Yes,[redacted]
anon-ID_C_1308,Review,Yes,[redacted]
anon-ID_C_1309,Research,Yes,[redacted]
anon-ID_C_1310,Research,Yes,[redacted]
anon-ID_C_1311,Research,Yes,[redacted]
anon-ID_C_1312,Research,Yes,[redacted]
anon-ID_C_1313,Research,Yes,[redacted]
anon-ID_C_1314,Research,Yes,[redacted]
anon-ID_C_1315,Research,Yes,[redacted]
anon-ID_C_1316,Research,Yes,[redacted]
anon-ID_C_1317,Research,My paper has no data,[redacted]
anon-ID_C_1318,Research,Yes,[redacted]
anon-ID_C_1319,Research,Yes,[redacted]
anon-ID_C_1320,Research,Yes,[redacted]
anon-ID_C_1321,Research,Yes,[redacted]
anon-ID_C_1322,Research,Yes,[redacted]
anon-ID_C_1323,Research,Yes,[redacted]
anon-ID_C_1324,Research,Yes,[redacted]
anon-ID_C_1325,Research,Yes,[redacted]
anon-ID_C_1326,Research,Yes,[redacted]
anon-ID_C_1327,Research,Yes,[redacted]
anon-ID_C_1328,Research,Yes,[redacted]
anon-ID_C_1329,Research,Yes,[redacted]
anon-ID_C_1330,Research,Yes,[redacted]
anon-ID_C_1331,Research,My paper has no data,[redacted]
anon-ID_C_1332,Research,Yes,[redacted]
anon-ID_C_1333,Research,Yes,[redacted]
anon-ID_C_1334,Research,Yes,[redacted]
anon-ID_C_1335,Research,Yes,[redacted]
anon-ID_C_1336,Research,Yes,[redacted]
anon-ID_C_1337,Review,My paper has no data,[redacted]
anon-ID_C_1338,Research,Yes,[redacted]
anon-ID_C_1339,Research,Yes,[redacted]
anon-ID_C_1340,Research,Yes,[redacted]
anon-ID_C_1341,Research,Yes,[redacted]
anon-ID_C_1342,Research,Yes,[redacted]
anon-ID_C_1343,Research,Yes,[redacted]
anon-ID_C_1344,Research,Yes,[redacted]
anon-ID_C_1345,Research,My paper has no data,[redacted]
anon-ID_C_1346,Research,Yes,[redacted]
anon-ID_C_1347,Research,Yes,[redacted]
anon-ID_C_1348,Research,Yes,[redacted]
anon-ID_C_1349,Research,Yes,[redacted]
anon-ID_C_1350,Research,Yes,[redacted]
anon-ID_C_1351,Research,Yes,[redacted]
anon-ID_C_1352,Review,My paper has no data,[redacted]
anon-ID_C_1353,Research,Yes,[redacted]
anon-ID_C_1354,Research,Yes,[redacted]
anon-ID_C_1355,Research,Yes,[redacted]
anon-ID_C_1356,Research,Yes,[redacted]
anon-ID_C_1357,Evidence Synthesis,My paper has no data,[redacted]
anon-ID_C_1358,Research,Yes,[redacted]
anon-ID_C_1359,Research,Yes,[redacted]
anon-ID_C_1360,Research,Yes,[redacted]
anon-ID_C_1361,Research,Yes,[redacted]
anon-ID_C_1362,Research,Yes,[redacted]
anon-ID_C_1363,Research,Yes,[redacted]
anon-ID_C_1364,Research,Yes,[redacted]
anon-ID_C_1365,Research,Yes,[redacted]
anon-ID_C_1366,Review,Yes,[redacted]
anon-ID_C_1367,Research,Yes,[redacted]
anon-ID_C_1368,Research,Yes,[redacted]
anon-ID_C_1369,Evidence Synthesis,Yes,[redacted]
anon-ID_C_1370,Research,Yes,[redacted]
anon-ID_C_1371,Research,Yes,[redacted]
anon-ID_C_1372,Biological Science Practices,Yes,[redacted]
anon-ID_C_1373,Research,Yes,[redacted]
anon-ID_C_1374,Research,Yes,[redacted]
anon-ID_C_1375,Research,Yes,[redacted]
anon-ID_C_1376,Research,Yes,[redacted]
anon-ID_C_1377,Research,Yes,[redacted]
anon-ID_C_1378,Research,Yes,[redacted]
anon-ID_C_1379,Research,My paper has no data,[redacted]
anon-ID_C_1380,Research,My paper has no data,[redacted]
anon-ID_C_1381,Research,Yes,[redacted]
anon-ID_C_1382,Research,Yes,[redacted]
anon-ID_C_1383,Research,My paper has no data,[redacted]
anon-ID_C_1384,Research,Yes,[redacted]
anon-ID_C_1385,Review,My paper has no data,[redacted]
anon-ID_C_1386,Research,Yes,[redacted]
anon-ID_C_1387,Research,Yes,[redacted]
anon-ID_C_1388,Research,Yes,[redacted]
anon-ID_C_1389,Research,My paper has no data,[redacted]
anon-ID_C_1390,Research,Yes,[redacted]
anon-ID_C_1391,Research,Yes,[redacted]
anon-ID_C_1392,Research,Yes,[redacted]
anon-ID_C_1393,Biological Science Practices,Yes,[redacted]
anon-ID_C_1394,Research,Yes,[redacted]
anon-ID_C_1395,Research,Yes,[redacted]
anon-ID_C_1396,Research,Yes,[redacted]
anon-ID_C_1397,Research,Yes,[redacted]
anon-ID_C_1398,Research,Yes,[redacted]
anon-ID_C_1399,Research,Yes,[redacted]
anon-ID_C_1400,Research,Yes,[redacted]
anon-ID_C_1401,Research,My paper has no data,[redacted]
anon-ID_C_1402,Research,Yes,[redacted]
anon-ID_C_1403,Research,Yes,[redacted]
anon-ID_C_1404,Research,Yes,[redacted]
anon-ID_C_1405,Research,My paper has no data,[redacted]
anon-ID_C_1406,Research,Yes,[redacted]
anon-ID_C_1407,Research,Yes,[redacted]
anon-ID_C_1408,Research,Yes,[redacted]
anon-ID_C_1409,Research,Yes,[redacted]
anon-ID_C_1410,Research,Yes,[redacted]
anon-ID_C_1411,Research,Yes,[redacted]
anon-ID_C_1412,Research,Yes,[redacted]
anon-ID_C_1413,Research,Yes,[redacted]
anon-ID_C_1414,Research,Yes,[redacted]
anon-ID_C_1415,Research,Yes,[redacted]
anon-ID_C_1416,Research,Yes,[redacted]
anon-ID_C_1417,Research,Yes,[redacted]
anon-ID_C_1418,Research,Yes,[redacted]
anon-ID_C_1419,Research,Yes,[redacted]
anon-ID_C_1420,Research,Yes,[redacted]
anon-ID_C_1421,Research,Yes,[redacted]
anon-ID_C_1422,Research,Yes,[redacted]
anon-ID_C_1423,Research,Yes,[redacted]
anon-ID_C_1424,Research,Yes,[redacted]
anon-ID_C_1425,Research,Yes,[redacted]
anon-ID_C_1426,Research,Yes,[redacted]
anon-ID_C_1427,Research,Yes,[redacted]
anon-ID_C_1428,Research,Yes,[redacted]
anon-ID_C_1429,Commentary,My paper has no data,[redacted]
anon-ID_C_1430,Research,Yes,[redacted]
anon-ID_C_1431,Research,Yes,[redacted]
anon-ID_C_1432,Research,Yes,[redacted]
anon-ID_C_1433,Research,Yes,[redacted]
anon-ID_C_1434,Research,Yes,[redacted]
anon-ID_C_1435,Research,Yes,[redacted]
anon-ID_C_1436,Research,Yes,[redacted]
anon-ID_C_1437,Research,Yes,[redacted]
anon-ID_C_1438,Research,Yes,[redacted]
anon-ID_C_1439,Research,Yes,[redacted]
anon-ID_C_1440,Research,Yes,[redacted]
anon-ID_C_1441,Research,Yes,[redacted]
anon-ID_C_1442,Research,Yes,[redacted]
anon-ID_C_1443,Research,Yes,[redacted]
anon-ID_C_1444,Research,Yes,[redacted]
anon-ID_C_1445,Research,Yes,[redacted]
anon-ID_C_1446,Research,Yes,[redacted]
anon-ID_C_1447,Research,Yes,[redacted]
anon-ID_C_1448,Research,Yes,[redacted]
anon-ID_C_1449,Research,Yes,[redacted]
anon-ID_C_1450,Research,Yes,[redacted]
anon-ID_C_1451,Research,Yes,[redacted]
anon-ID_C_1452,Research,Yes,[redacted]
anon-ID_C_1453,Research,Yes,[redacted]
anon-ID_C_1454,Research,Yes,[redacted]
anon-ID_C_1455,Research,Yes,[redacted]
anon-ID_C_1456,Research,Yes,[redacted]
anon-ID_C_1457,Research,Yes,[redacted]
anon-ID_C_1458,Research,Yes,[redacted]
anon-ID_C_1459,Research,Yes,[redacted]
anon-ID_C_1460,Research,Yes,[redacted]
anon-ID_C_1461,Research,Yes,[redacted]
anon-ID_C_1462,Research,Yes,[redacted]
anon-ID_C_1463,Research,Yes,[redacted]
anon-ID_C_1464,Research,My paper has no data,[redacted]
anon-ID_C_1465,Research,Yes,[redacted]
anon-ID_C_1466,Research,Yes,[redacted]
anon-ID_C_1467,Research,My paper has no data,[redacted]
anon-ID_C_1468,Research,Yes,[redacted]
anon-ID_C_1469,Biological Science Practices,My paper has no data,[redacted]
anon-ID_C_1470,Research,Yes,[redacted]
anon-ID_C_1471,Research,Yes,[redacted]
anon-ID_C_1472,Research,Yes,[redacted]
anon-ID_C_1473,Research,Yes,[redacted]
anon-ID_C_1474,Research,Yes,[redacted]
anon-ID_C_1475,Research,Yes,[redacted]
anon-ID_C_1476,Research,Yes,[redacted]
anon-ID_C_1477,Research,Yes,[redacted]
anon-ID_C_1478,Research,Yes,[redacted]
anon-ID_C_1479,Research,Yes,[redacted]
anon-ID_C_1480,Research,Yes,[redacted]
anon-ID_C_1481,Research,Yes,[redacted]
anon-ID_C_1482,Research,Yes,[redacted]
anon-ID_C_1483,Research,Yes,[redacted]
anon-ID_C_1484,Research,Yes,[redacted]
anon-ID_C_1485,Research,Yes,[redacted]
anon-ID_C_1486,Evidence Synthesis,Yes,[redacted]
anon-ID_C_1487,Research,Yes,[redacted]
anon-ID_C_1488,Research,Yes,[redacted]
anon-ID_C_1489,Research,Yes,[redacted]
anon-ID_C_1490,Research,Yes,[redacted]
anon-ID_C_1491,Research,Yes,[redacted]
anon-ID_C_1492,Research,Yes,[redacted]
anon-ID_C_1493,Research,Yes,[redacted]
anon-ID_C_1494,Research,Yes,[redacted]
anon-ID_C_1495,Research,Yes,[redacted]
anon-ID_C_1496,Research,My paper has no data,[redacted]
anon-ID_C_1497,Research,Yes,[redacted]
anon-ID_C_1498,Research,Yes,[redacted]
anon-ID_C_1499,Research,My paper has no data,[redacted]
anon-ID_C_1500,Research,Yes,[redacted]
anon-ID_C_1501,Research,My paper has no data,[redacted]
anon-ID_C_1502,Research,Yes,[redacted]
anon-ID_C_1503,Research,Yes,[redacted]
anon-ID_C_1504,Research,Yes,[redacted]
anon-ID_C_1505,Research,Yes,[redacted]
anon-ID_C_1506,Research,Yes,[redacted]
anon-ID_C_1507,Research,Yes,[redacted]
anon-ID_C_1508,Research,Yes,[redacted]
anon-ID_C_1509,Research,Yes,[redacted]
anon-ID_C_1510,Research,Yes,[redacted]
anon-ID_C_1511,Research,My paper has no data,[redacted]
anon-ID_C_1512,Research,Yes,[redacted]
anon-ID_C_1513,Research,Yes,[redacted]
anon-ID_C_1514,Research,Yes,[redacted]
anon-ID_C_1515,Research,Yes,[redacted]
anon-ID_C_1516,Research,Yes,[redacted]
anon-ID_C_1517,Research,My paper has no data,[redacted]
anon-ID_C_1518,Research,Yes,[redacted]
anon-ID_C_1519,Research,Yes,[redacted]
anon-ID_C_1520,Research,Yes,[redacted]
anon-ID_C_1521,Research,Yes,[redacted]
anon-ID_C_1522,Research,Yes,[redacted]
anon-ID_C_1523,Research,Yes,[redacted]
anon-ID_C_1524,Research,Yes,[redacted]
anon-ID_C_1525,Research,Yes,[redacted]
anon-ID_C_1526,Research,My paper has no data,[redacted]
anon-ID_C_1527,Research,Yes,[redacted]
anon-ID_C_1528,Research,Yes,[redacted]
anon-ID_C_1529,Research,Yes,[redacted]
anon-ID_C_1530,Research,My paper has no data,[redacted]
anon-ID_C_1531,Research,Yes,[redacted]
anon-ID_C_1532,Research,My paper has no data,[redacted]
anon-ID_C_1533,Research,Yes,[redacted]
anon-ID_C_1534,Research,Yes,[redacted]
anon-ID_C_1535,Research,Yes,[redacted]
anon-ID_C_1536,Research,Yes,[redacted]
anon-ID_C_1537,Research,Yes,[redacted]
anon-ID_C_1538,Research,Yes,[redacted]
anon-ID_C_1539,Research,Yes,[redacted]
anon-ID_C_1540,Research,Yes,[redacted]
anon-ID_C_1541,Research,Yes,[redacted]
anon-ID_C_1542,Research,Yes,[redacted]
anon-ID_C_1543,Research,Yes,[redacted]
anon-ID_C_1544,Research,Yes,[redacted]
anon-ID_C_1545,Research,Yes,[redacted]
anon-ID_C_1546,Research,Yes,[redacted]
anon-ID_C_1547,Research,Yes,[redacted]
anon-ID_C_1548,Review,My paper has no data,[redacted]
anon-ID_C_1549,Research,Yes,[redacted]
anon-ID_C_1550,Research,My paper has no data,[redacted]
anon-ID_C_1551,Research,Yes,[redacted]
anon-ID_C_1552,Research,Yes,[redacted]
anon-ID_C_1553,Research,Yes,[redacted]
anon-ID_C_1554,Research,Yes,[redacted]
anon-ID_C_1555,Evidence Synthesis,Yes,[redacted]
anon-ID_C_1556,Research,Yes,[redacted]
anon-ID_C_1557,Research,Yes,[redacted]
anon-ID_C_1558,Research,Yes,[redacted]
anon-ID_C_1559,Research,Yes,[redacted]
anon-ID_C_1560,Research,My paper has no data,[redacted]
anon-ID_C_1561,Research,Yes,[redacted]
anon-ID_C_1562,Research,Yes,[redacted]
anon-ID_C_1563,Research,Yes,[redacted]
anon-ID_C_1564,Research,Yes,[redacted]
anon-ID_C_1565,Research,Yes,[redacted]
anon-ID_C_1566,Research,Yes,[redacted]
anon-ID_C_1567,Research,Yes,[redacted]
anon-ID_C_1568,Commentary,My paper has no data,[redacted]
anon-ID_C_1569,Research,Yes,[redacted]
anon-ID_C_1570,Research,Yes,[redacted]
anon-ID_C_1571,Research,Yes,[redacted]
anon-ID_C_1572,Research,Yes,[redacted]
anon-ID_C_1573,Research,Yes,[redacted]
anon-ID_C_1574,Review,My paper has no data,[redacted]
anon-ID_C_1575,Research,Yes,[redacted]
anon-ID_C_1576,Research,Yes,[redacted]
anon-ID_C_1577,Research,Yes,[redacted]
anon-ID_C_1578,Research,Yes,[redacted]
anon-ID_C_1579,Research,Yes,[redacted]
anon-ID_C_1580,Research,Yes,[redacted]
anon-ID_C_1581,Research,Yes,[redacted]
anon-ID_C_1582,Research,Yes,[redacted]
anon-ID_C_1583,Research,Yes,[redacted]
anon-ID_C_1584,Research,Yes,[redacted]
anon-ID_C_1585,Research,My paper has no data,[redacted]
anon-ID_C_1586,Research,My paper has no data,[redacted]
anon-ID_C_1587,Research,Yes,[redacted]
anon-ID_C_1588,Research,Yes,[redacted]
anon-ID_C_1589,Research,Yes,[redacted]
anon-ID_C_1590,Research,Yes,[redacted]
anon-ID_C_1591,Research,Yes,[redacted]
anon-ID_C_1592,Research,Yes,[redacted]
anon-ID_C_1593,Research,Yes,[redacted]
anon-ID_C_1594,Research,My paper has no data,[redacted]
anon-ID_C_1595,Research,Yes,[redacted]
anon-ID_C_1596,Evidence Synthesis,Yes,[redacted]
anon-ID_C_1597,Research,Yes,[redacted]
anon-ID_C_1598,Research,Yes,[redacted]
anon-ID_C_1599,Research,My paper has no data,[redacted]
anon-ID_C_1600,Research,Yes,[redacted]
anon-ID_C_1601,Research,Yes,[redacted]
anon-ID_C_1602,Research,Yes,[redacted]
anon-ID_C_1603,Research,My paper has no data,[redacted]
anon-ID_C_1604,Research,Yes,[redacted]
anon-ID_C_1605,Research,Yes,[redacted]
anon-ID_C_1606,Research,Yes,[redacted]
anon-ID_C_1607,Research,Yes,[redacted]
anon-ID_C_1608,Research,Yes,[redacted]
anon-ID_C_1609,Research,Yes,[redacted]
anon-ID_C_1610,Research,Yes,[redacted]
anon-ID_C_1611,Research,Yes,[redacted]
anon-ID_C_1612,Research,Yes,[redacted]
anon-ID_C_1613,Research,Yes,[redacted]
anon-ID_C_1614,Research,Yes,[redacted]
anon-ID_C_1615,Research,Yes,[redacted]
anon-ID_C_1616,Research,Yes,[redacted]
anon-ID_C_1617,Research,Yes,[redacted]
anon-ID_C_1618,Research,Yes,[redacted]
anon-ID_C_1619,Research,Yes,[redacted]
anon-ID_C_1620,Research,Yes,[redacted]
anon-ID_C_1621,Research,Yes,[redacted]
anon-ID_C_1622,Research,Yes,[redacted]
anon-ID_C_1623,Research,Yes,[redacted]
anon-ID_C_1624,Research,Yes,[redacted]
anon-ID_C_1625,Research,Yes,[redacted]
anon-ID_C_1626,Review,Yes,[redacted]
anon-ID_C_1627,Research,Yes,[redacted]
anon-ID_C_1628,Research,Yes,[redacted]
anon-ID_C_1629,Research,Yes,[redacted]
anon-ID_C_1630,Research,Yes,[redacted]
anon-ID_C_1631,Research,Yes,[redacted]
anon-ID_C_1632,Research,Yes,[redacted]
anon-ID_C_1633,Research,Yes,[redacted]
anon-ID_C_1634,Research,Yes,[redacted]
anon-ID_C_1635,Research,Yes,[redacted]
anon-ID_C_1636,Research,Yes,[redacted]
anon-ID_C_1637,Research,Yes,[redacted]
anon-ID_C_1638,Research,Yes,[redacted]
anon-ID_C_1639,Research,Yes,[redacted]
anon-ID_C_1640,Research,Yes,[redacted]
anon-ID_C_1641,Research,Yes,[redacted]
anon-ID_C_1642,Research,My paper has no data,[redacted]
anon-ID_C_1643,Research,Yes,[redacted]
anon-ID_C_1644,Research,Yes,[redacted]
anon-ID_C_1645,Research,Yes,[redacted]
anon-ID_C_1646,Research,Yes,[redacted]
anon-ID_C_1647,Review,My paper has no data,[redacted]
anon-ID_C_1648,Research,Yes,[redacted]
anon-ID_C_1649,Research,Yes,[redacted]
anon-ID_C_1650,Research,Yes,[redacted]
anon-ID_C_1651,Research,Yes,[redacted]
anon-ID_C_1652,Research,Yes,[redacted]
anon-ID_C_1653,Research,Yes,[redacted]
anon-ID_C_1654,Research,Yes,[redacted]
anon-ID_C_1655,Research,Yes,[redacted]
anon-ID_C_1656,Research,Yes,[redacted]
anon-ID_C_1657,Research,Yes,[redacted]
anon-ID_C_1658,Research,Yes,[redacted]
anon-ID_C_1659,Research,Yes,[redacted]
anon-ID_C_1660,Research,Yes,[redacted]
anon-ID_C_1661,Research,My paper has no data,[redacted]
anon-ID_C_1662,Research,Yes,[redacted]
anon-ID_C_1663,Research,Yes,[redacted]
anon-ID_C_1664,Research,My paper has no data,[redacted]
anon-ID_C_1665,Research,Yes,[redacted]
anon-ID_C_1666,Research,Yes,[redacted]
anon-ID_C_1667,Biological Science Practices,Yes,[redacted]
anon-ID_C_1668,Research,Yes,[redacted]
anon-ID_C_1669,Research,Yes,[redacted]
anon-ID_C_1670,Research,Yes,[redacted]
anon-ID_C_1671,Research,Yes,[redacted]
anon-ID_C_1672,Research,Yes,[redacted]
anon-ID_C_1673,Research,Yes,[redacted]
anon-ID_C_1674,Research,Yes,[redacted]
anon-ID_C_1675,Research,Yes,[redacted]
anon-ID_C_1676,Research,Yes,[redacted]
anon-ID_C_1677,Research,Yes,[redacted]
anon-ID_C_1678,Research,Yes,[redacted]
anon-ID_C_1679,Research,Yes,[redacted]
anon-ID_C_1680,Research,Yes,[redacted]
anon-ID_C_1681,Research,Yes,[redacted]
anon-ID_C_1682,Research,Yes,[redacted]
anon-ID_C_1683,Research,Yes,[redacted]
anon-ID_C_1684,Research,Yes,[redacted]
anon-ID_C_1685,Research,Yes,[redacted]
anon-ID_C_1686,Research,Yes,[redacted]
anon-ID_C_1687,Research,Yes,[redacted]
anon-ID_C_1688,Research,Yes,[redacted]
anon-ID_C_1689,Research,Yes,[redacted]
anon-ID_C_1690,Research,Yes,[redacted]
anon-ID_C_1691,Research,Yes,[redacted]
anon-ID_C_1692,Research,Yes,[redacted]
anon-ID_C_1693,Research,My paper has no data,[redacted]
anon-ID_C_1694,Research,Yes,[redacted]
anon-ID_C_1695,Research,Yes,[redacted]
anon-ID_C_1696,Research,Yes,[redacted]
anon-ID_C_1697,Research,Yes,[redacted]
anon-ID_C_1698,Research,Yes,[redacted]
anon-ID_C_1699,Research,Yes,[redacted]
anon-ID_C_1700,Research,My paper has no data,[redacted]
anon-ID_C_1701,Research,Yes,[redacted]
anon-ID_C_1702,Research,Yes,[redacted]
anon-ID_C_1703,Research,My paper has no data,[redacted]
anon-ID_C_1704,Research,My paper has no data,[redacted]
anon-ID_C_1705,Research,Yes,[redacted]
anon-ID_C_1706,Research,Yes,[redacted]
anon-ID_C_1707,Research,Yes,[redacted]
anon-ID_C_1708,Research,Yes,[redacted]
anon-ID_C_1709,Research,My paper has no data,[redacted]
anon-ID_C_1710,Research,Yes,[redacted]
anon-ID_C_1711,Research,Yes,[redacted]
anon-ID_C_1712,Research,Yes,[redacted]
anon-ID_C_1713,Research,Yes,[redacted]
anon-ID_C_1714,Research,Yes,[redacted]
anon-ID_C_1715,Research,Yes,[redacted]
anon-ID_C_1716,Research,Yes,[redacted]
anon-ID_C_1717,Research,Yes,[redacted]
anon-ID_C_1718,Research,My paper has no data,[redacted]
anon-ID_C_1719,Research,Yes,[redacted]
anon-ID_C_1720,Research,Yes,[redacted]
anon-ID_C_1721,Research,Yes,[redacted]
anon-ID_C_1722,Research,Yes,[redacted]
anon-ID_C_1723,Research,Yes,[redacted]
anon-ID_C_1724,Research,My paper has no data,[redacted]
anon-ID_C_1725,Research,Yes,[redacted]
anon-ID_C_1726,Research,Yes,[redacted]
anon-ID_C_1727,Research,My paper has no data,[redacted]
anon-ID_C_1728,Research,My paper has no data,[redacted]
anon-ID_C_1729,Research,Yes,[redacted]
anon-ID_C_1730,Research,Yes,[redacted]
anon-ID_C_1731,Research,Yes,[redacted]
anon-ID_C_1732,Research,My paper has no data,[redacted]
anon-ID_C_1733,Research,Yes,[redacted]
anon-ID_C_1734,Research,Yes,[redacted]
anon-ID_C_1735,Research,Yes,[redacted]
anon-ID_C_1736,Review,My paper has no data,[redacted]
anon-ID_C_1737,Research,Yes,[redacted]
anon-ID_C_1738,Research,Yes,[redacted]
anon-ID_C_1739,Research,Yes,[redacted]
anon-ID_C_1740,Research,Yes,[redacted]
anon-ID_C_1741,Research,Yes,[redacted]
anon-ID_C_1742,Research,My paper has no data,[redacted]
anon-ID_C_1743,Research,My paper has no data,[redacted]
anon-ID_C_1744,Research,Yes,[redacted]
anon-ID_C_1745,Research,Yes,[redacted]
anon-ID_C_1746,Research,Yes,[redacted]
anon-ID_C_1747,Research,Yes,[redacted]
anon-ID_C_1748,Research,Yes,[redacted]
anon-ID_C_1749,Research,Yes,[redacted]
anon-ID_C_1750,Research,Yes,[redacted]
anon-ID_C_1751,Research,My paper has no data,[redacted]
anon-ID_C_1752,Research,Yes,[redacted]
anon-ID_C_1753,Research,Yes,[redacted]
anon-ID_C_1754,Research,Yes,[redacted]
anon-ID_C_1755,Research,Yes,[redacted]
anon-ID_C_1756,Research,Yes,[redacted]
anon-ID_C_1757,Research,Yes,[redacted]
anon-ID_C_1758,Research,Yes,[redacted]
anon-ID_C_1759,Research,Yes,[redacted]
anon-ID_C_1760,Research,My paper has no data,[redacted]
anon-ID_C_1761,Research,Yes,[redacted]
anon-ID_C_1762,Research,Yes,[redacted]
anon-ID_C_1763,Research,Yes,[redacted]
anon-ID_C_1764,Research,Yes,[redacted]
anon-ID_C_1765,Research,Yes,[redacted]
anon-ID_C_1766,Research,Yes,[redacted]
anon-ID_C_1767,Research,Yes,[redacted]
anon-ID_C_1768,Research,My paper has no data,[redacted]
anon-ID_C_1769,Research,Yes,[redacted]
anon-ID_C_1770,Research,Yes,[redacted]
anon-ID_C_1771,Research,Yes,[redacted]
anon-ID_C_1772,Research,Yes,[redacted]
anon-ID_C_1773,Research,Yes,[redacted]
anon-ID_C_1774,Research,Yes,[redacted]
anon-ID_C_1775,Research,Yes,[redacted]
anon-ID_C_1776,Research,Yes,[redacted]
anon-ID_C_1777,Research,My paper has no data,[redacted]
anon-ID_C_1778,Research,My paper has no data,[redacted]
anon-ID_C_1779,Research,Yes,[redacted]
anon-ID_C_1780,Invited Reply,My paper has no data,[redacted]
anon-ID_C_1781,Research,Yes,[redacted]
anon-ID_C_1782,Research,My paper has no data,[redacted]
anon-ID_C_1783,Research,Yes,[redacted]
anon-ID_C_1784,Research,Yes,[redacted]
anon-ID_C_1785,Research,My paper has no data,[redacted]
anon-ID_C_1786,Research,My paper has no data,[redacted]
anon-ID_C_1787,Research,My paper has no data,[redacted]
anon-ID_C_1788,Research,Yes,[redacted]
anon-ID_C_1789,Research,Yes,[redacted]
anon-ID_C_1790,Research,Yes,[redacted]
anon-ID_C_1791,Research,Yes,[redacted]
anon-ID_C_1792,Research,Yes,[redacted]
anon-ID_C_1793,Research,My paper has no data,[redacted]
anon-ID_C_1794,Research,Yes,[redacted]
anon-ID_C_1795,Research,Yes,[redacted]
anon-ID_C_1796,Research,My paper has no data,[redacted]
anon-ID_C_1797,Research,Yes,[redacted]
anon-ID_C_1798,Research,Yes,[redacted]
anon-ID_C_1799,Research,My paper has no data,[redacted]
anon-ID_C_1800,Research,Yes,[redacted]
anon-ID_C_1801,Research,Yes,[redacted]
anon-ID_C_1802,Research,Yes,[redacted]
anon-ID_C_1803,Research,Yes,[redacted]
anon-ID_C_1804,Research,Yes,[redacted]
anon-ID_C_1805,Research,Yes,[redacted]
anon-ID_C_1806,Research,Yes,[redacted]
anon-ID_C_1807,Research,Yes,[redacted]
anon-ID_C_1808,Research,Yes,[redacted]
anon-ID_C_1809,Research,Yes,[redacted]
anon-ID_C_1810,Research,Yes,[redacted]
anon-ID_C_1811,Research,Yes,[redacted]
anon-ID_C_1812,Research,Yes,[redacted]
anon-ID_C_1813,Research,My paper has no data,[redacted]
anon-ID_C_1814,Research,My paper has no data,[redacted]
anon-ID_C_1815,Research,Yes,[redacted]
anon-ID_C_1816,Research,Yes,[redacted]
anon-ID_C_1817,Research,Yes,[redacted]
anon-ID_C_1818,Research,Yes,[redacted]
anon-ID_C_1819,Research,Yes,[redacted]
anon-ID_C_1820,Research,Yes,[redacted]
anon-ID_C_1821,Research,Yes,[redacted]
anon-ID_C_1822,Research,My paper has no data,[redacted]
anon-ID_C_1823,Research,Yes,[redacted]
anon-ID_C_1824,Research,Yes,[redacted]
anon-ID_C_1825,Research,Yes,[redacted]
anon-ID_C_1826,Research,Yes,[redacted]
anon-ID_C_1827,Research,My paper has no data,[redacted]
anon-ID_C_1828,Research,Yes,[redacted]
anon-ID_C_1829,Research,Yes,[redacted]
anon-ID_C_1830,Research,Yes,[redacted]
anon-ID_C_1831,Research,Yes,[redacted]
anon-ID_C_1832,Research,Yes,[redacted]
anon-ID_C_1833,Research,Yes,[redacted]
anon-ID_C_1834,Research,Yes,[redacted]
anon-ID_C_1835,Research,Yes,[redacted]
anon-ID_C_1836,Research,Yes,[redacted]
anon-ID_C_1837,Research,Yes,[redacted]
anon-ID_C_1838,Research,Yes,[redacted]
anon-ID_C_1839,Research,Yes,[redacted]
anon-ID_C_1840,Research,Yes,[redacted]
anon-ID_C_1841,Research,Yes,[redacted]
anon-ID_C_1842,Research,Yes,[redacted]
anon-ID_C_1843,Research,Yes,[redacted]
anon-ID_C_1844,Research,Yes,[redacted]
anon-ID_C_1845,Research,Yes,[redacted]
anon-ID_C_1846,Research,Yes,[redacted]
anon-ID_C_1847,Research,Yes,[redacted]
anon-ID_C_1848,Research,Yes,[redacted]
anon-ID_C_1849,Review,Yes,[redacted]
anon-ID_C_1850,Research,Yes,[redacted]
anon-ID_C_1851,Review,My paper has no data,[redacted]
anon-ID_C_1852,Research,Yes,[redacted]
anon-ID_C_1853,Research,Yes,[redacted]
anon-ID_C_1854,Research,Yes,[redacted]
anon-ID_C_1855,Research,Yes,[redacted]
anon-ID_C_1856,Research,Yes,[redacted]
anon-ID_C_1857,Research,Yes,[redacted]
anon-ID_C_1858,Research,Yes,[redacted]
anon-ID_C_1859,Research,Yes,[redacted]
anon-ID_C_1860,Biological Science Practices,Yes,[redacted]
anon-ID_C_1861,Research,Yes,[redacted]
anon-ID_C_1862,Research,Yes,[redacted]
anon-ID_C_1863,Research,Yes,[redacted]
anon-ID_C_1864,Research,Yes,[redacted]
anon-ID_C_1865,Review,My paper has no data,[redacted]
anon-ID_C_1866,Research,Yes,[redacted]
anon-ID_C_1867,Research,Yes,[redacted]
anon-ID_C_1868,Research,Yes,[redacted]
anon-ID_C_1869,Research,Yes,[redacted]
anon-ID_C_1870,Research,Yes,[redacted]
anon-ID_C_1871,Research,Yes,[redacted]
anon-ID_C_1872,Research,My paper has no data,[redacted]
anon-ID_C_1873,Research,Yes,[redacted]
anon-ID_C_1874,Research,Yes,[redacted]
anon-ID_C_1875,Research,Yes,[redacted]
anon-ID_C_1876,Research,Yes,[redacted]
anon-ID_C_1877,Research,Yes,[redacted]
anon-ID_C_1878,Research,Yes,[redacted]
anon-ID_C_1879,Research,My paper has no data,[redacted]
anon-ID_C_1880,Research,Yes,[redacted]
anon-ID_C_1881,Research,Yes,[redacted]
anon-ID_C_1882,Research,Yes,[redacted]
anon-ID_C_1883,Research,Yes,[redacted]
anon-ID_C_1884,Research,Yes,[redacted]
anon-ID_C_1885,Research,Yes,[redacted]
anon-ID_C_1886,Research,Yes,[redacted]
anon-ID_C_1887,Research,Yes,[redacted]
anon-ID_C_1888,Research,Yes,[redacted]
anon-ID_C_1889,Research,Yes,[redacted]
anon-ID_C_1890,Research,Yes,[redacted]
anon-ID_C_1891,Research,Yes,[redacted]
anon-ID_C_1892,Research,Yes,[redacted]
anon-ID_C_1893,Research,Yes,[redacted]
anon-ID_C_1894,Research,Yes,[redacted]
anon-ID_C_1895,Research,Yes,[redacted]
anon-ID_C_1896,Research,Yes,[redacted]
anon-ID_C_1897,Research,Yes,[redacted]
anon-ID_C_1898,Research,Yes,[redacted]
anon-ID_C_1899,Research,Yes,[redacted]
anon-ID_C_1900,Research,Yes,[redacted]
anon-ID_C_1901,Research,Yes,[redacted]
anon-ID_C_1902,Research,Yes,[redacted]
anon-ID_C_1903,Review,My paper has no data,[redacted]
anon-ID_C_1904,Research,Yes,[redacted]
anon-ID_C_1905,Research,Yes,[redacted]
anon-ID_C_1906,Research,Yes,[redacted]
anon-ID_C_1907,Research,Yes,[redacted]
anon-ID_C_1908,Research,My paper has no data,[redacted]
anon-ID_C_1909,Review,Yes,[redacted]
anon-ID_C_1910,Research,Yes,[redacted]
anon-ID_C_1911,Research,Yes,[redacted]
anon-ID_C_1912,Research,Yes,[redacted]
anon-ID_C_1913,Research,Yes,[redacted]
anon-ID_C_1914,Research,Yes,[redacted]
anon-ID_C_1915,Research,My paper has no data,[redacted]
anon-ID_C_1916,Research,Yes,[redacted]
anon-ID_C_1917,Research,Yes,[redacted]
anon-ID_C_1918,Research,Yes,[redacted]
anon-ID_C_1919,Research,Yes,[redacted]
anon-ID_C_1920,Research,Yes,[redacted]
anon-ID_C_1921,Research,Yes,[redacted]
anon-ID_C_1922,Research,Yes,[redacted]
anon-ID_C_1923,Research,Yes,[redacted]
anon-ID_C_1924,Research,My paper has no data,[redacted]
anon-ID_C_1925,Research,Yes,[redacted]
anon-ID_C_1926,Research,My paper has no data,[redacted]
anon-ID_C_1927,Research,Yes,[redacted]
anon-ID_C_1928,Research,Yes,[redacted]
anon-ID_C_1929,Research,Yes,[redacted]
anon-ID_C_1930,Research,Yes,[redacted]
anon-ID_C_1931,Research,Yes,[redacted]
anon-ID_C_1932,Research,Yes,[redacted]
anon-ID_C_1933,Research,Yes,[redacted]
anon-ID_C_1934,Review,My paper has no data,[redacted]
anon-ID_C_1935,Research,Yes,[redacted]
anon-ID_C_1936,Research,My paper has no data,[redacted]
anon-ID_C_1937,Research,Yes,[redacted]
anon-ID_C_1938,Research,Yes,[redacted]
anon-ID_C_1939,Research,Yes,[redacted]
anon-ID_C_1940,Research,Yes,[redacted]
anon-ID_C_1941,Research,Yes,[redacted]
anon-ID_C_1942,Research,Yes,[redacted]
anon-ID_C_1943,Research,Yes,[redacted]
anon-ID_C_1944,Research,Yes,[redacted]
anon-ID_C_1945,Research,Yes,[redacted]
anon-ID_C_1946,Research,Yes,[redacted]
anon-ID_C_1947,Research,Yes,[redacted]
anon-ID_C_1948,Research,Yes,[redacted]
anon-ID_C_1949,Research,Yes,[redacted]
anon-ID_C_1950,Research,Yes,[redacted]
anon-ID_C_1951,Research,Yes,[redacted]
anon-ID_C_1952,Research,Yes,[redacted]
anon-ID_C_1953,Research,Yes,[redacted]
anon-ID_C_1954,Research,My paper has no data,[redacted]
anon-ID_C_1955,Research,My paper has no data,[redacted]
anon-ID_C_1956,Research,Yes,[redacted]
anon-ID_C_1957,Research,Yes,[redacted]
anon-ID_C_1958,Research,Yes,[redacted]
anon-ID_C_1959,Research,Yes,[redacted]
anon-ID_C_1960,Research,Yes,[redacted]
anon-ID_C_1961,Research,Yes,[redacted]
anon-ID_C_1962,Research,Yes,[redacted]
anon-ID_C_1963,Research,Yes,[redacted]
anon-ID_C_1964,Research,Yes,[redacted]
anon-ID_C_1965,Research,Yes,[redacted]
anon-ID_C_1966,Research,Yes,[redacted]
anon-ID_C_1967,Research,Yes,[redacted]
anon-ID_C_1968,Research,My paper has no data,[redacted]
anon-ID_C_1969,Research,Yes,[redacted]
anon-ID_C_1970,Research,Yes,[redacted]
anon-ID_C_1971,Research,Yes,[redacted]
anon-ID_C_1972,Research,Yes,[redacted]
anon-ID_C_1973,Research,Yes,[redacted]
anon-ID_C_1974,Research,Yes,[redacted]
anon-ID_C_1975,Research,Yes,[redacted]
anon-ID_C_1976,Research,Yes,[redacted]
anon-ID_C_1977,Research,Yes,[redacted]
anon-ID_C_1978,Research,My paper has no data,[redacted]
anon-ID_C_1979,Research,Yes,[redacted]
anon-ID_C_1980,Research,Yes,[redacted]
anon-ID_C_1981,Research,Yes,[redacted]
anon-ID_C_1982,Research,Yes,[redacted]
anon-ID_C_1983,Research,Yes,[redacted]
anon-ID_C_1984,Research,Yes,[redacted]
anon-ID_C_1985,Research,Yes,[redacted]
anon-ID_C_1986,Research,Yes,[redacted]
anon-ID_C_1987,Research,Yes,[redacted]
anon-ID_C_1988,Research,Yes,[redacted]
anon-ID_C_1989,Research,Yes,[redacted]
anon-ID_C_1990,Research,Yes,[redacted]
anon-ID_C_1991,Research,Yes,[redacted]
anon-ID_C_1992,Research,Yes,[redacted]
anon-ID_C_1993,Research,Yes,[redacted]
anon-ID_C_1994,Research,Yes,[redacted]
anon-ID_C_1995,Research,Yes,[redacted]
anon-ID_C_1996,Research,Yes,[redacted]
anon-ID_C_1997,Research,Yes,[redacted]
anon-ID_C_1998,Research,Yes,[redacted]
anon-ID_C_1999,Research,Yes,[redacted]
anon-ID_C_2000,Research,Yes,[redacted]
anon-ID_C_2001,Research,Yes,[redacted]
anon-ID_C_2002,Research,Yes,[redacted]
anon-ID_C_2003,Research,Yes,[redacted]
anon-ID_C_2004,Review,My paper has no data,[redacted]
anon-ID_C_2005,Research,Yes,[redacted]
anon-ID_C_2006,Review,Yes,[redacted]
anon-ID_C_2007,Research,Yes,[redacted]
anon-ID_C_2008,Research,Yes,[redacted]
anon-ID_C_2009,Research,Yes,[redacted]
anon-ID_C_2010,Research,Yes,[redacted]
anon-ID_C_2011,Research,Yes,[redacted]
anon-ID_C_2012,Research,Yes,[redacted]
anon-ID_C_2013,Research,Yes,[redacted]
anon-ID_C_2014,Research,Yes,[redacted]
anon-ID_C_2015,Research,Yes,[redacted]
anon-ID_C_2016,Research,Yes,[redacted]
anon-ID_C_2017,Research,Yes,[redacted]
anon-ID_C_2018,Research,Yes,[redacted]
anon-ID_C_2019,Research,My paper has no data,[redacted]
anon-ID_C_2020,Research,Yes,[redacted]
anon-ID_C_2021,Research,Yes,[redacted]
anon-ID_C_2022,Research,Yes,[redacted]
anon-ID_C_2023,Research,Yes,[redacted]
anon-ID_C_2024,Research,Yes,[redacted]
anon-ID_C_2025,Research,Yes,[redacted]
anon-ID_C_2026,Research,Yes,[redacted]
anon-ID_C_2027,Research,Yes,[redacted]
anon-ID_C_2028,Research,Yes,[redacted]
anon-ID_C_2029,Research,Yes,[redacted]
anon-ID_C_2030,Research,Yes,[redacted]
anon-ID_C_2031,Review,My paper has no data,[redacted]
anon-ID_C_2032,Research,Yes,[redacted]
anon-ID_C_2033,Biological Science Practices,Yes,[redacted]
anon-ID_C_2034,Research,Yes,[redacted]
anon-ID_C_2035,Research,Yes,[redacted]
anon-ID_C_2036,Research,My paper has no data,[redacted]
anon-ID_C_2037,Research,Yes,[redacted]
anon-ID_C_2038,Research,Yes,[redacted]
anon-ID_C_2039,Research,Yes,[redacted]
anon-ID_C_2040,Research,Yes,[redacted]
anon-ID_C_2041,Evidence Synthesis,Yes,[redacted]
anon-ID_C_2042,Research,Yes,[redacted]
anon-ID_C_2043,Review,My paper has no data,[redacted]
anon-ID_C_2044,Research,Yes,[redacted]
anon-ID_C_2045,Research,My paper has no data,[redacted]
anon-ID_C_2046,Research,Yes,[redacted]
anon-ID_C_2047,Research,Yes,[redacted]
anon-ID_C_2048,Research,Yes,[redacted]
anon-ID_C_2049,Research,My paper has no data,[redacted]
anon-ID_C_2050,Research,Yes,[redacted]
anon-ID_C_2051,Research,Yes,[redacted]
anon-ID_C_2052,Research,Yes,[redacted]
anon-ID_C_2053,Research,Yes,[redacted]
anon-ID_C_2054,Research,Yes,[redacted]
anon-ID_C_2055,Research,Yes,[redacted]
anon-ID_C_2056,Research,Yes,[redacted]
anon-ID_C_2057,Research,Yes,[redacted]
anon-ID_C_2058,Research,Yes,[redacted]
anon-ID_C_2059,Research,Yes,[redacted]
anon-ID_C_2060,Research,Yes,[redacted]
anon-ID_C_2061,Research,Yes,[redacted]
anon-ID_C_2062,Research,Yes,[redacted]
anon-ID_C_2063,Research,My paper has no data,[redacted]
anon-ID_C_2064,Research,Yes,[redacted]
anon-ID_C_2065,Research,Yes,[redacted]
anon-ID_C_2066,Biological Science Practices,Yes,[redacted]
anon-ID_C_2067,Research,My paper has no data,[redacted]
anon-ID_C_2068,Research,Yes,[redacted]
anon-ID_C_2069,Research,Yes,[redacted]
anon-ID_C_2070,Research,My paper has no data,[redacted]
anon-ID_C_2071,Research,My paper has no data,[redacted]
anon-ID_C_2072,Research,Yes,[redacted]
anon-ID_C_2073,Biological Science Practices,Yes,[redacted]
anon-ID_C_2074,Research,Yes,[redacted]
anon-ID_C_2075,Research,Yes,[redacted]
anon-ID_C_2076,Research,Yes,[redacted]
anon-ID_C_2077,Research,My paper has no data,[redacted]
anon-ID_C_2078,Research,Yes,[redacted]
anon-ID_C_2079,Research,My paper has no data,[redacted]
anon-ID_C_2080,Research,Yes,[redacted]
anon-ID_C_2081,Research,Yes,[redacted]
anon-ID_C_2082,Research,Yes,[redacted]
anon-ID_C_2083,Research,Yes,[redacted]
anon-ID_C_2084,Research,Yes,[redacted]
anon-ID_C_2085,Research,Yes,[redacted]
anon-ID_C_2086,Research,Yes,[redacted]
anon-ID_C_2087,Research,Yes,[redacted]
anon-ID_C_2088,Research,Yes,[redacted]
anon-ID_C_2089,Research,Yes,[redacted]
anon-ID_C_2090,Biological Science Practices,Yes,[redacted]
anon-ID_C_2091,Research,Yes,[redacted]
anon-ID_C_2092,Research,Yes,[redacted]
anon-ID_C_2093,Research,Yes,[redacted]
anon-ID_C_2094,Research,Yes,[redacted]
anon-ID_C_2095,Research,Yes,[redacted]
anon-ID_C_2096,Research,Yes,[redacted]
anon-ID_C_2097,Research,Yes,[redacted]
anon-ID_C_2098,Research,Yes,[redacted]
anon-ID_C_2099,Research,Yes,[redacted]
anon-ID_C_2100,Research,Yes,[redacted]
anon-ID_C_2101,Research,Yes,[redacted]
anon-ID_C_2102,Research,My paper has no data,[redacted]
anon-ID_C_2103,Research,My paper has no data,[redacted]
anon-ID_C_2104,Research,Yes,[redacted]
anon-ID_C_2105,Research,Yes,[redacted]
anon-ID_C_2106,Research,My paper has no data,[redacted]
anon-ID_C_2107,Review,My paper has no data,[redacted]
anon-ID_C_2108,Research,Yes,[redacted]
anon-ID_C_2109,Research,Yes,[redacted]
anon-ID_C_2110,Research,Yes,[redacted]
anon-ID_C_2111,Research,Yes,[redacted]
anon-ID_C_2112,Research,Yes,[redacted]
anon-ID_C_2113,Research,Yes,[redacted]
anon-ID_C_2114,Research,Yes,[redacted]
anon-ID_C_2115,Research,Yes,[redacted]
anon-ID_C_2116,Research,Yes,[redacted]
anon-ID_C_2117,Research,Yes,[redacted]
anon-ID_C_2118,Research,Yes,[redacted]
anon-ID_C_2119,Research,My paper has no data,[redacted]
anon-ID_C_2120,Research,My paper has no data,[redacted]
anon-ID_C_2121,Research,Yes,[redacted]
anon-ID_C_2122,Research,Yes,[redacted]
anon-ID_C_2123,Research,Yes,[redacted]
anon-ID_C_2124,Research,Yes,[redacted]
anon-ID_C_2125,Research,My paper has no data,[redacted]
anon-ID_C_2126,Research,Yes,[redacted]
anon-ID_C_2127,Research,Yes,[redacted]
anon-ID_C_2128,Research,Yes,[redacted]
anon-ID_C_2129,Research,Yes,[redacted]
anon-ID_C_2130,Research,Yes,[redacted]
anon-ID_C_2131,Research,Yes,[redacted]
anon-ID_C_2132,Research,Yes,[redacted]
anon-ID_C_2133,Research,Yes,[redacted]
anon-ID_C_2134,Research,Yes,[redacted]
anon-ID_C_2135,Research,Yes,[redacted]
anon-ID_C_2136,Research,Yes,[redacted]
anon-ID_C_2137,Research,Yes,[redacted]
anon-ID_C_2138,Research,Yes,[redacted]
anon-ID_C_2139,Research,Yes,[redacted]
anon-ID_C_2140,Research,Yes,[redacted]
anon-ID_C_2141,Research,Yes,[redacted]
anon-ID_C_2142,Research,My paper has no data,[redacted]
anon-ID_C_2143,Research,Yes,[redacted]
anon-ID_C_2144,Research,Yes,[redacted]
anon-ID_C_2145,Research,Yes,[redacted]
anon-ID_C_2146,Research,Yes,[redacted]
anon-ID_C_2147,Research,Yes,[redacted]
anon-ID_C_2148,Research,Yes,[redacted]
anon-ID_C_2149,Research,Yes,[redacted]
anon-ID_C_2150,Research,Yes,[redacted]
anon-ID_C_2151,Research,Yes,[redacted]
anon-ID_C_2152,Evidence Synthesis,Yes,[redacted]
anon-ID_C_2153,Research,Yes,[redacted]
anon-ID_C_2154,Research,Yes,[redacted]
anon-ID_C_2155,Research,Yes,[redacted]
anon-ID_C_2156,Research,My paper has no data,[redacted]
anon-ID_C_2157,Research,Yes,[redacted]
anon-ID_C_2158,Research,Yes,[redacted]
anon-ID_C_2159,Research,Yes,[redacted]
anon-ID_C_2160,Research,Yes,[redacted]
anon-ID_C_2161,Research,Yes,[redacted]
anon-ID_C_2162,Research,Yes,[redacted]
anon-ID_C_2163,Research,Yes,[redacted]
anon-ID_C_2164,Research,Yes,[redacted]
anon-ID_C_2165,Research,My paper has no data,[redacted]
anon-ID_C_2166,Research,Yes,[redacted]
anon-ID_C_2167,Research,Yes,[redacted]
anon-ID_C_2168,Research,Yes,[redacted]
anon-ID_C_2169,Research,Yes,[redacted]
anon-ID_C_2170,Research,Yes,[redacted]
anon-ID_C_2171,Commentary,Yes,[redacted]
anon-ID_C_2172,Research,Yes,[redacted]
anon-ID_C_2173,Review,My paper has no data,[redacted]
anon-ID_C_2174,Research,Yes,[redacted]
anon-ID_C_2175,Research,Yes,[redacted]
anon-ID_C_2176,Research,My paper has no data,[redacted]
anon-ID_C_2177,Research,Yes,[redacted]
anon-ID_C_2178,Research,Yes,[redacted]
anon-ID_C_2179,Research,Yes,[redacted]
anon-ID_C_2180,Research,Yes,[redacted]
anon-ID_C_2181,Research,My paper has no data,[redacted]
anon-ID_C_2182,Research,Yes,[redacted]
anon-ID_C_2183,Research,Yes,[redacted]
anon-ID_C_2184,Research,Yes,[redacted]
anon-ID_C_2185,Research,My paper has no data,[redacted]
anon-ID_C_2186,Research,Yes,[redacted]
anon-ID_C_2187,Research,Yes,[redacted]
anon-ID_C_2188,Research,Yes,[redacted]
anon-ID_C_2189,Research,My paper has no data,[redacted]
anon-ID_C_2190,Research,Yes,[redacted]
anon-ID_C_2191,Research,Yes,[redacted]
anon-ID_C_2192,Research,Yes,[redacted]
anon-ID_C_2193,Research,Yes,[redacted]
anon-ID_C_2194,Research,Yes,[redacted]
anon-ID_C_2195,Research,Yes,[redacted]
anon-ID_C_2196,Research,Yes,[redacted]
anon-ID_C_2197,Research,My paper has no data,[redacted]
anon-ID_C_2198,Research,Yes,[redacted]
anon-ID_C_2199,Research,Yes,[redacted]
anon-ID_C_2200,Research,Yes,[redacted]
anon-ID_C_2201,Research,My paper has no data,[redacted]
anon-ID_C_2202,Research,Yes,[redacted]
anon-ID_C_2203,Research,Yes,[redacted]
anon-ID_C_2204,Research,Yes,[redacted]
anon-ID_C_2205,Research,Yes,[redacted]
anon-ID_C_2206,Review,My paper has no data,[redacted]
anon-ID_C_2207,Research,Yes,[redacted]
anon-ID_C_2208,Research,Yes,[redacted]
anon-ID_C_2209,Research,My paper has no data,[redacted]
anon-ID_C_2210,Research,Yes,[redacted]
anon-ID_C_2211,Research,Yes,[redacted]
anon-ID_C_2212,Research,Yes,[redacted]
anon-ID_C_2213,Research,My paper has no data,[redacted]
anon-ID_C_2214,Research,My paper has no data,[redacted]
anon-ID_C_2215,Research,Yes,[redacted]
anon-ID_C_2216,Research,Yes,[redacted]
anon-ID_C_2217,Research,Yes,[redacted]
anon-ID_C_2218,Review,My paper has no data,[redacted]
anon-ID_C_2219,Research,Yes,[redacted]
anon-ID_C_2220,Research,Yes,[redacted]
anon-ID_C_2221,Research,Yes,[redacted]
anon-ID_C_2222,Research,My paper has no data,[redacted]
anon-ID_C_2223,Research,Yes,[redacted]
anon-ID_C_2224,Biological Science Practices,Yes,[redacted]
anon-ID_C_2225,Research,Yes,[redacted]
anon-ID_C_2226,Research,Yes,[redacted]
anon-ID_C_2227,Research,Yes,[redacted]
anon-ID_C_2228,Research,Yes,[redacted]
anon-ID_C_2229,Research,Yes,[redacted]
anon-ID_C_2230,Research,Yes,[redacted]
anon-ID_C_2231,Research,Yes,[redacted]
anon-ID_C_2232,Research,Yes,[redacted]
anon-ID_C_2233,Research,Yes,[redacted]
anon-ID_C_2234,Research,My paper has no data,[redacted]
anon-ID_C_2235,Research,Yes,[redacted]
anon-ID_C_2236,Research,Yes,[redacted]
anon-ID_C_2237,Research,Yes,[redacted]
anon-ID_C_2238,Research,Yes,[redacted]
anon-ID_C_2239,Research,Yes,[redacted]
anon-ID_C_2240,Research,Yes,[redacted]
anon-ID_C_2241,Research,Yes,[redacted]
anon-ID_C_2242,Research,My paper has no data,[redacted]
anon-ID_C_2243,Research,My paper has no data,[redacted]
anon-ID_C_2244,Research,Yes,[redacted]
anon-ID_C_2245,Research,Yes,[redacted]
anon-ID_C_2246,Research,Yes,[redacted]
anon-ID_C_2247,Research,Yes,[redacted]
anon-ID_C_2248,Research,Yes,[redacted]
anon-ID_C_2249,Research,Yes,[redacted]
anon-ID_C_2250,Research,Yes,[redacted]
anon-ID_C_2251,Research,Yes,[redacted]
anon-ID_C_2252,Research,Yes,[redacted]
anon-ID_C_2253,Research,Yes,[redacted]
anon-ID_C_2254,Research,Yes,[redacted]
anon-ID_C_2255,Research,Yes,[redacted]
anon-ID_C_2256,Research,Yes,[redacted]
anon-ID_C_2257,Research,Yes,[redacted]
anon-ID_C_2258,Research,Yes,[redacted]
anon-ID_C_2259,Research,Yes,[redacted]
anon-ID_C_2260,Research,Yes,[redacted]
anon-ID_C_2261,Research,Yes,[redacted]
anon-ID_C_2262,Research,Yes,[redacted]
anon-ID_C_2263,Research,Yes,[redacted]
anon-ID_C_2264,Research,Yes,[redacted]
anon-ID_C_2265,Research,Yes,[redacted]
anon-ID_C_2266,Research,Yes,[redacted]
anon-ID_C_2267,Research,Yes,[redacted]
anon-ID_C_2268,Research,Yes,[redacted]
anon-ID_C_2269,Research,Yes,[redacted]
anon-ID_C_2270,Research,Yes,[redacted]
anon-ID_C_2271,Research,Yes,[redacted]
anon-ID_C_2272,Research,Yes,[redacted]
anon-ID_C_2273,Research,Yes,[redacted]
anon-ID_C_2274,Research,Yes,[redacted]
anon-ID_C_2275,Commentary,My paper has no data,[redacted]
anon-ID_C_2276,Research,Yes,[redacted]
anon-ID_C_2277,Research,Yes,[redacted]
anon-ID_C_2278,Research,My paper has no data,[redacted]
anon-ID_C_2279,Research,Yes,[redacted]
anon-ID_C_2280,Research,Yes,[redacted]
anon-ID_C_2281,Research,Yes,[redacted]
anon-ID_C_2282,Research,Yes,[redacted]
anon-ID_C_2283,Research,Yes,[redacted]
anon-ID_C_2284,Research,Yes,[redacted]
anon-ID_C_2285,Research,Yes,[redacted]
anon-ID_C_2286,Research,Yes,[redacted]
anon-ID_C_2287,Research,Yes,[redacted]
anon-ID_C_2288,Research,Yes,[redacted]
anon-ID_C_2289,Research,Yes,[redacted]
anon-ID_C_2290,Research,Yes,[redacted]
anon-ID_C_2291,Research,Yes,[redacted]
anon-ID_C_2292,Research,Yes,[redacted]
anon-ID_C_2293,Research,Yes,[redacted]
anon-ID_C_2294,Research,Yes,[redacted]
anon-ID_C_2295,Research,Yes,[redacted]
anon-ID_C_2296,Review,My paper has no data,[redacted]
anon-ID_C_2297,Research,Yes,[redacted]
anon-ID_C_2298,Research,Yes,[redacted]
anon-ID_C_2299,Research,Yes,[redacted]
anon-ID_C_2300,Research,Yes,[redacted]
anon-ID_C_2301,Research,Yes,[redacted]
anon-ID_C_2302,Research,Yes,[redacted]
anon-ID_C_2303,Research,Yes,[redacted]
anon-ID_C_2304,Research,Yes,[redacted]
anon-ID_C_2305,Research,Yes,[redacted]
anon-ID_C_2306,Research,Yes,[redacted]
anon-ID_C_2307,Research,Yes,[redacted]
anon-ID_C_2308,Research,Yes,[redacted]
anon-ID_C_2309,Research,Yes,[redacted]
anon-ID_C_2310,Research,Yes,[redacted]
anon-ID_C_2311,Research,Yes,[redacted]
anon-ID_C_2312,Research,Yes,[redacted]
anon-ID_C_2313,Research,Yes,[redacted]
anon-ID_C_2314,Research,Yes,[redacted]
anon-ID_C_2315,Research,Yes,[redacted]
anon-ID_C_2316,Research,Yes,[redacted]
anon-ID_C_2317,Research,Yes,[redacted]
anon-ID_C_2318,Research,Yes,[redacted]
anon-ID_C_2319,Research,Yes,[redacted]
anon-ID_C_2320,Research,Yes,[redacted]
anon-ID_C_2321,Research,Yes,[redacted]
anon-ID_C_2322,Research,Yes,[redacted]
anon-ID_C_2323,Research,Yes,[redacted]
anon-ID_C_2324,Research,Yes,[redacted]
anon-ID_C_2325,Research,Yes,[redacted]
anon-ID_C_2326,Research,Yes,[redacted]
anon-ID_C_2327,Research,Yes,[redacted]
anon-ID_C_2328,Research,Yes,[redacted]
anon-ID_C_2329,Research,Yes,[redacted]
anon-ID_C_2330,Research,Yes,[redacted]
anon-ID_C_2331,Research,Yes,[redacted]
anon-ID_C_2332,Research,Yes,[redacted]
anon-ID_C_2333,Research,Yes,[redacted]
anon-ID_C_2334,Research,Yes,[redacted]
anon-ID_C_2335,Research,Yes,[redacted]
anon-ID_C_2336,Research,Yes,[redacted]
anon-ID_C_2337,Research,Yes,[redacted]
anon-ID_C_2338,Research,Yes,[redacted]
anon-ID_C_2339,Research,Yes,[redacted]
anon-ID_C_2340,Research,Yes,[redacted]
